{
    "設計一次エネルギー消費量[MJ/年]": 251573.38687827135,
    "基準一次エネルギー消費量[MJ/年]": 138804.0,
    "設計一次エネルギー消費量[GJ/年]": 251.57338687827135,
    "基準一次エネルギー消費量[GJ/年]": 138.804,
    "設計一次エネルギー消費量[MJ/m2年]": 34.691403713348,
    "基準一次エネルギー消費量[MJ/m2年]": 19.14075912710725,
    "BEI/hW": 1.82,
    "計算対象面積": 7251.75,
    "hot_water_supply_systems": {
        "EB2-11": {
            "heat_sourceUnit": [
                {
                    "usage_type": "給湯負荷用",
                    "heat_source_type": "電気瞬間湯沸器",
                    "number": 1,
                    "rated_capacity": 1.1,
                    "rated_power_consumption": 0,
                    "rated_fuel_consumption": 2.9729729729729732,
                    "rated_capacity_total": 1.1,
                    "RatedEnergyConsumption_total": 2.9729729729729732,
                    "RatedEfficiency": 0.37
                }
            ],
            "insulation_type": "保温仕様2",
            "pipe_size": 20.0,
            "solar_system_area": null,
            "solar_system_direction": null,
            "solar_system_angle": null,
            "info": null,
            "rated_capacity_total": 1.1,
            "RatedEfficiency_total": 0.37,
            "pipe_sizetype": "20A以下",
            "heatloss_coefficient": 0.213,
            "湯使用量（節湯込）[L/年]": 22.73470561158798,
            "太陽熱利用量[MJ/年]": 0.0,
            "給湯加熱負荷[MJ/年]": 2999.1463796417124,
            "配管熱損失[MJ/年]": 170.91122358691035,
            "設計一次エネルギー消費量[MJ/年]": 8105.801026058682,
            "基準一次エネルギー消費量[MJ/年]": 3946.532188841202,
            "設計値/基準値": 2.0539047037238896
        },
        "EB2-12": {
            "heat_sourceUnit": [
                {
                    "usage_type": "給湯負荷用",
                    "heat_source_type": "電気瞬間湯沸器",
                    "number": 1,
                    "rated_capacity": 1.1,
                    "rated_power_consumption": 0,
                    "rated_fuel_consumption": 2.9729729729729732,
                    "rated_capacity_total": 1.1,
                    "RatedEnergyConsumption_total": 2.9729729729729732,
                    "RatedEfficiency": 0.37
                }
            ],
            "insulation_type": "保温仕様2",
            "pipe_size": 20.0,
            "solar_system_area": null,
            "solar_system_direction": null,
            "solar_system_angle": null,
            "info": null,
            "rated_capacity_total": 1.1,
            "RatedEfficiency_total": 0.37,
            "pipe_sizetype": "20A以下",
            "heatloss_coefficient": 0.213,
            "湯使用量（節湯込）[L/年]": 22.73470561158798,
            "太陽熱利用量[MJ/年]": 0.0,
            "給湯加熱負荷[MJ/年]": 2999.1463796417124,
            "配管熱損失[MJ/年]": 170.91122358691035,
            "設計一次エネルギー消費量[MJ/年]": 8105.801026058682,
            "基準一次エネルギー消費量[MJ/年]": 3946.532188841202,
            "設計値/基準値": 2.0539047037238896
        },
        "EB2-13": {
            "heat_sourceUnit": [
                {
                    "usage_type": "給湯負荷用",
                    "heat_source_type": "電気瞬間湯沸器",
                    "number": 1,
                    "rated_capacity": 1.1,
                    "rated_power_consumption": 0,
                    "rated_fuel_consumption": 2.9729729729729732,
                    "rated_capacity_total": 1.1,
                    "RatedEnergyConsumption_total": 2.9729729729729732,
                    "RatedEfficiency": 0.37
                }
            ],
            "insulation_type": "保温仕様2",
            "pipe_size": 20.0,
            "solar_system_area": null,
            "solar_system_direction": null,
            "solar_system_angle": null,
            "info": null,
            "rated_capacity_total": 1.1,
            "RatedEfficiency_total": 0.37,
            "pipe_sizetype": "20A以下",
            "heatloss_coefficient": 0.213,
            "湯使用量（節湯込）[L/年]": 22.73470561158798,
            "太陽熱利用量[MJ/年]": 0.0,
            "給湯加熱負荷[MJ/年]": 2999.1463796417124,
            "配管熱損失[MJ/年]": 170.91122358691035,
            "設計一次エネルギー消費量[MJ/年]": 8105.801026058682,
            "基準一次エネルギー消費量[MJ/年]": 3946.532188841202,
            "設計値/基準値": 2.0539047037238896
        },
        "EB1-11": {
            "heat_sourceUnit": [
                {
                    "usage_type": "給湯負荷用",
                    "heat_source_type": "ガス給湯機",
                    "number": 1,
                    "rated_capacity": 20.0,
                    "rated_power_consumption": 0,
                    "rated_fuel_consumption": 23.25581395348837,
                    "rated_capacity_total": 20.0,
                    "RatedEnergyConsumption_total": 23.25581395348837,
                    "RatedEfficiency": 0.8600000000000001
                }
            ],
            "insulation_type": "保温仕様2",
            "pipe_size": 40.0,
            "solar_system_area": null,
            "solar_system_direction": null,
            "solar_system_angle": null,
            "info": null,
            "rated_capacity_total": 20.0,
            "RatedEfficiency_total": 0.8600000000000001,
            "pipe_sizetype": "40A以下",
            "heatloss_coefficient": 0.354,
            "湯使用量（節湯込）[L/年]": 112.54596566523605,
            "太陽熱利用量[MJ/年]": 0.0,
            "給湯加熱負荷[MJ/年]": 15124.998261938137,
            "配管熱損失[MJ/年]": 963.2622277102248,
            "設計一次エネルギー消費量[MJ/年]": 17587.207281323415,
            "基準一次エネルギー消費量[MJ/年]": 19282.403433476396,
            "設計値/基準値": 0.9120858477003996
        },
        "EB1-12": {
            "heat_sourceUnit": [
                {
                    "usage_type": "給湯負荷用",
                    "heat_source_type": "電気瞬間湯沸器",
                    "number": 1,
                    "rated_capacity": 1.1,
                    "rated_power_consumption": 0,
                    "rated_fuel_consumption": 2.9729729729729732,
                    "rated_capacity_total": 1.1,
                    "RatedEnergyConsumption_total": 2.9729729729729732,
                    "RatedEfficiency": 0.37
                }
            ],
            "insulation_type": "保温仕様2",
            "pipe_size": 20.0,
            "solar_system_area": null,
            "solar_system_direction": null,
            "solar_system_angle": null,
            "info": null,
            "rated_capacity_total": 1.1,
            "RatedEfficiency_total": 0.37,
            "pipe_sizetype": "20A以下",
            "heatloss_coefficient": 0.213,
            "湯使用量（節湯込）[L/年]": 13.840027499999994,
            "太陽熱利用量[MJ/年]": 0.0,
            "給湯加熱負荷[MJ/年]": 1742.0020764871042,
            "配管熱損失[MJ/年]": 71.2734683679837,
            "設計一次エネルギー消費量[MJ/年]": 4708.113720235417,
            "基準一次エネルギー消費量[MJ/年]": 2418.0,
            "設計値/基準値": 1.9471107197003377
        },
        "EB2-21": {
            "heat_sourceUnit": [
                {
                    "usage_type": "給湯負荷用",
                    "heat_source_type": "電気瞬間湯沸器",
                    "number": 1,
                    "rated_capacity": 1.1,
                    "rated_power_consumption": 0,
                    "rated_fuel_consumption": 2.9729729729729732,
                    "rated_capacity_total": 1.1,
                    "RatedEnergyConsumption_total": 2.9729729729729732,
                    "RatedEfficiency": 0.37
                }
            ],
            "insulation_type": "保温仕様2",
            "pipe_size": 20.0,
            "solar_system_area": null,
            "solar_system_direction": null,
            "solar_system_angle": null,
            "info": null,
            "rated_capacity_total": 1.1,
            "RatedEfficiency_total": 0.37,
            "pipe_sizetype": "20A以下",
            "heatloss_coefficient": 0.213,
            "湯使用量（節湯込）[L/年]": 25.1043675,
            "太陽熱利用量[MJ/年]": 0.0,
            "給湯加熱負荷[MJ/年]": 3159.8102181441027,
            "配管熱損失[MJ/年]": 129.2826436153749,
            "設計一次エネルギー消費量[MJ/年]": 8540.027616605683,
            "基準一次エネルギー消費量[MJ/年]": 4386.0,
            "設計値/基準値": 1.947110719700338
        },
        "EB2-22": {
            "heat_sourceUnit": [
                {
                    "usage_type": "給湯負荷用",
                    "heat_source_type": "電気瞬間湯沸器",
                    "number": 1,
                    "rated_capacity": 1.1,
                    "rated_power_consumption": 0,
                    "rated_fuel_consumption": 2.9729729729729732,
                    "rated_capacity_total": 1.1,
                    "RatedEnergyConsumption_total": 2.9729729729729732,
                    "RatedEfficiency": 0.37
                }
            ],
            "insulation_type": "保温仕様2",
            "pipe_size": 20.0,
            "solar_system_area": null,
            "solar_system_direction": null,
            "solar_system_angle": null,
            "info": null,
            "rated_capacity_total": 1.1,
            "RatedEfficiency_total": 0.37,
            "pipe_sizetype": "20A以下",
            "heatloss_coefficient": 0.213,
            "湯使用量（節湯込）[L/年]": 25.1043675,
            "太陽熱利用量[MJ/年]": 0.0,
            "給湯加熱負荷[MJ/年]": 3159.8102181441027,
            "配管熱損失[MJ/年]": 129.2826436153749,
            "設計一次エネルギー消費量[MJ/年]": 8540.027616605683,
            "基準一次エネルギー消費量[MJ/年]": 4386.0,
            "設計値/基準値": 1.947110719700338
        },
        "EB2-23": {
            "heat_sourceUnit": [
                {
                    "usage_type": "給湯負荷用",
                    "heat_source_type": "電気瞬間湯沸器",
                    "number": 1,
                    "rated_capacity": 1.1,
                    "rated_power_consumption": 0,
                    "rated_fuel_consumption": 2.9729729729729732,
                    "rated_capacity_total": 1.1,
                    "RatedEnergyConsumption_total": 2.9729729729729732,
                    "RatedEfficiency": 0.37
                }
            ],
            "insulation_type": "保温仕様2",
            "pipe_size": 20.0,
            "solar_system_area": null,
            "solar_system_direction": null,
            "solar_system_angle": null,
            "info": null,
            "rated_capacity_total": 1.1,
            "RatedEfficiency_total": 0.37,
            "pipe_sizetype": "20A以下",
            "heatloss_coefficient": 0.213,
            "湯使用量（節湯込）[L/年]": 25.1043675,
            "太陽熱利用量[MJ/年]": 0.0,
            "給湯加熱負荷[MJ/年]": 3159.8102181441027,
            "配管熱損失[MJ/年]": 129.2826436153749,
            "設計一次エネルギー消費量[MJ/年]": 8540.027616605683,
            "基準一次エネルギー消費量[MJ/年]": 4386.0,
            "設計値/基準値": 1.947110719700338
        },
        "EB1-21": {
            "heat_sourceUnit": [
                {
                    "usage_type": "給湯負荷用",
                    "heat_source_type": "電気瞬間湯沸器",
                    "number": 1,
                    "rated_capacity": 1.1,
                    "rated_power_consumption": 0,
                    "rated_fuel_consumption": 2.9729729729729732,
                    "rated_capacity_total": 1.1,
                    "RatedEnergyConsumption_total": 2.9729729729729732,
                    "RatedEfficiency": 0.37
                }
            ],
            "insulation_type": "保温仕様2",
            "pipe_size": 20.0,
            "solar_system_area": null,
            "solar_system_direction": null,
            "solar_system_angle": null,
            "info": null,
            "rated_capacity_total": 1.1,
            "RatedEfficiency_total": 0.37,
            "pipe_sizetype": "20A以下",
            "heatloss_coefficient": 0.213,
            "湯使用量（節湯込）[L/年]": 25.1043675,
            "太陽熱利用量[MJ/年]": 0.0,
            "給湯加熱負荷[MJ/年]": 3159.8102181441027,
            "配管熱損失[MJ/年]": 129.2826436153749,
            "設計一次エネルギー消費量[MJ/年]": 8540.027616605683,
            "基準一次エネルギー消費量[MJ/年]": 4386.0,
            "設計値/基準値": 1.947110719700338
        },
        "EB2-31": {
            "heat_sourceUnit": [
                {
                    "usage_type": "給湯負荷用",
                    "heat_source_type": "電気瞬間湯沸器",
                    "number": 1,
                    "rated_capacity": 1.1,
                    "rated_power_consumption": 0,
                    "rated_fuel_consumption": 2.9729729729729732,
                    "rated_capacity_total": 1.1,
                    "RatedEnergyConsumption_total": 2.9729729729729732,
                    "RatedEfficiency": 0.37
                }
            ],
            "insulation_type": "保温仕様2",
            "pipe_size": 20.0,
            "solar_system_area": null,
            "solar_system_direction": null,
            "solar_system_angle": null,
            "info": null,
            "rated_capacity_total": 1.1,
            "RatedEfficiency_total": 0.37,
            "pipe_sizetype": "20A以下",
            "heatloss_coefficient": 0.213,
            "湯使用量（節湯込）[L/年]": 25.1043675,
            "太陽熱利用量[MJ/年]": 0.0,
            "給湯加熱負荷[MJ/年]": 3159.8102181441027,
            "配管熱損失[MJ/年]": 129.2826436153749,
            "設計一次エネルギー消費量[MJ/年]": 8540.027616605683,
            "基準一次エネルギー消費量[MJ/年]": 4386.0,
            "設計値/基準値": 1.947110719700338
        },
        "EB2-32": {
            "heat_sourceUnit": [
                {
                    "usage_type": "給湯負荷用",
                    "heat_source_type": "電気瞬間湯沸器",
                    "number": 1,
                    "rated_capacity": 1.1,
                    "rated_power_consumption": 0,
                    "rated_fuel_consumption": 2.9729729729729732,
                    "rated_capacity_total": 1.1,
                    "RatedEnergyConsumption_total": 2.9729729729729732,
                    "RatedEfficiency": 0.37
                }
            ],
            "insulation_type": "保温仕様2",
            "pipe_size": 20.0,
            "solar_system_area": null,
            "solar_system_direction": null,
            "solar_system_angle": null,
            "info": null,
            "rated_capacity_total": 1.1,
            "RatedEfficiency_total": 0.37,
            "pipe_sizetype": "20A以下",
            "heatloss_coefficient": 0.213,
            "湯使用量（節湯込）[L/年]": 25.1043675,
            "太陽熱利用量[MJ/年]": 0.0,
            "給湯加熱負荷[MJ/年]": 3159.8102181441027,
            "配管熱損失[MJ/年]": 129.2826436153749,
            "設計一次エネルギー消費量[MJ/年]": 8540.027616605683,
            "基準一次エネルギー消費量[MJ/年]": 4386.0,
            "設計値/基準値": 1.947110719700338
        },
        "EB2-33": {
            "heat_sourceUnit": [
                {
                    "usage_type": "給湯負荷用",
                    "heat_source_type": "電気瞬間湯沸器",
                    "number": 1,
                    "rated_capacity": 1.1,
                    "rated_power_consumption": 0,
                    "rated_fuel_consumption": 2.9729729729729732,
                    "rated_capacity_total": 1.1,
                    "RatedEnergyConsumption_total": 2.9729729729729732,
                    "RatedEfficiency": 0.37
                }
            ],
            "insulation_type": "保温仕様2",
            "pipe_size": 20.0,
            "solar_system_area": null,
            "solar_system_direction": null,
            "solar_system_angle": null,
            "info": null,
            "rated_capacity_total": 1.1,
            "RatedEfficiency_total": 0.37,
            "pipe_sizetype": "20A以下",
            "heatloss_coefficient": 0.213,
            "湯使用量（節湯込）[L/年]": 25.1043675,
            "太陽熱利用量[MJ/年]": 0.0,
            "給湯加熱負荷[MJ/年]": 3159.8102181441027,
            "配管熱損失[MJ/年]": 129.2826436153749,
            "設計一次エネルギー消費量[MJ/年]": 8540.027616605683,
            "基準一次エネルギー消費量[MJ/年]": 4386.0,
            "設計値/基準値": 1.947110719700338
        },
        "EB1-31": {
            "heat_sourceUnit": [
                {
                    "usage_type": "給湯負荷用",
                    "heat_source_type": "電気瞬間湯沸器",
                    "number": 1,
                    "rated_capacity": 1.1,
                    "rated_power_consumption": 0,
                    "rated_fuel_consumption": 2.9729729729729732,
                    "rated_capacity_total": 1.1,
                    "RatedEnergyConsumption_total": 2.9729729729729732,
                    "RatedEfficiency": 0.37
                }
            ],
            "insulation_type": "保温仕様2",
            "pipe_size": 20.0,
            "solar_system_area": null,
            "solar_system_direction": null,
            "solar_system_angle": null,
            "info": null,
            "rated_capacity_total": 1.1,
            "RatedEfficiency_total": 0.37,
            "pipe_sizetype": "20A以下",
            "heatloss_coefficient": 0.213,
            "湯使用量（節湯込）[L/年]": 25.1043675,
            "太陽熱利用量[MJ/年]": 0.0,
            "給湯加熱負荷[MJ/年]": 3159.8102181441027,
            "配管熱損失[MJ/年]": 129.2826436153749,
            "設計一次エネルギー消費量[MJ/年]": 8540.027616605683,
            "基準一次エネルギー消費量[MJ/年]": 4386.0,
            "設計値/基準値": 1.947110719700338
        },
        "EB2-41": {
            "heat_sourceUnit": [
                {
                    "usage_type": "給湯負荷用",
                    "heat_source_type": "電気瞬間湯沸器",
                    "number": 1,
                    "rated_capacity": 1.1,
                    "rated_power_consumption": 0,
                    "rated_fuel_consumption": 2.9729729729729732,
                    "rated_capacity_total": 1.1,
                    "RatedEnergyConsumption_total": 2.9729729729729732,
                    "RatedEfficiency": 0.37
                }
            ],
            "insulation_type": "保温仕様2",
            "pipe_size": 20.0,
            "solar_system_area": null,
            "solar_system_direction": null,
            "solar_system_angle": null,
            "info": null,
            "rated_capacity_total": 1.1,
            "RatedEfficiency_total": 0.37,
            "pipe_sizetype": "20A以下",
            "heatloss_coefficient": 0.213,
            "湯使用量（節湯込）[L/年]": 25.1043675,
            "太陽熱利用量[MJ/年]": 0.0,
            "給湯加熱負荷[MJ/年]": 3159.8102181441027,
            "配管熱損失[MJ/年]": 129.2826436153749,
            "設計一次エネルギー消費量[MJ/年]": 8540.027616605683,
            "基準一次エネルギー消費量[MJ/年]": 4386.0,
            "設計値/基準値": 1.947110719700338
        },
        "EB2-42": {
            "heat_sourceUnit": [
                {
                    "usage_type": "給湯負荷用",
                    "heat_source_type": "電気瞬間湯沸器",
                    "number": 1,
                    "rated_capacity": 1.1,
                    "rated_power_consumption": 0,
                    "rated_fuel_consumption": 2.9729729729729732,
                    "rated_capacity_total": 1.1,
                    "RatedEnergyConsumption_total": 2.9729729729729732,
                    "RatedEfficiency": 0.37
                }
            ],
            "insulation_type": "保温仕様2",
            "pipe_size": 20.0,
            "solar_system_area": null,
            "solar_system_direction": null,
            "solar_system_angle": null,
            "info": null,
            "rated_capacity_total": 1.1,
            "RatedEfficiency_total": 0.37,
            "pipe_sizetype": "20A以下",
            "heatloss_coefficient": 0.213,
            "湯使用量（節湯込）[L/年]": 25.1043675,
            "太陽熱利用量[MJ/年]": 0.0,
            "給湯加熱負荷[MJ/年]": 3159.8102181441027,
            "配管熱損失[MJ/年]": 129.2826436153749,
            "設計一次エネルギー消費量[MJ/年]": 8540.027616605683,
            "基準一次エネルギー消費量[MJ/年]": 4386.0,
            "設計値/基準値": 1.947110719700338
        },
        "EB2-43": {
            "heat_sourceUnit": [
                {
                    "usage_type": "給湯負荷用",
                    "heat_source_type": "電気瞬間湯沸器",
                    "number": 1,
                    "rated_capacity": 1.1,
                    "rated_power_consumption": 0,
                    "rated_fuel_consumption": 2.9729729729729732,
                    "rated_capacity_total": 1.1,
                    "RatedEnergyConsumption_total": 2.9729729729729732,
                    "RatedEfficiency": 0.37
                }
            ],
            "insulation_type": "保温仕様2",
            "pipe_size": 20.0,
            "solar_system_area": null,
            "solar_system_direction": null,
            "solar_system_angle": null,
            "info": null,
            "rated_capacity_total": 1.1,
            "RatedEfficiency_total": 0.37,
            "pipe_sizetype": "20A以下",
            "heatloss_coefficient": 0.213,
            "湯使用量（節湯込）[L/年]": 25.1043675,
            "太陽熱利用量[MJ/年]": 0.0,
            "給湯加熱負荷[MJ/年]": 3159.8102181441027,
            "配管熱損失[MJ/年]": 129.2826436153749,
            "設計一次エネルギー消費量[MJ/年]": 8540.027616605683,
            "基準一次エネルギー消費量[MJ/年]": 4386.0,
            "設計値/基準値": 1.947110719700338
        },
        "EB1-41": {
            "heat_sourceUnit": [
                {
                    "usage_type": "給湯負荷用",
                    "heat_source_type": "電気瞬間湯沸器",
                    "number": 1,
                    "rated_capacity": 1.1,
                    "rated_power_consumption": 0,
                    "rated_fuel_consumption": 2.9729729729729732,
                    "rated_capacity_total": 1.1,
                    "RatedEnergyConsumption_total": 2.9729729729729732,
                    "RatedEfficiency": 0.37
                }
            ],
            "insulation_type": "保温仕様2",
            "pipe_size": 20.0,
            "solar_system_area": null,
            "solar_system_direction": null,
            "solar_system_angle": null,
            "info": null,
            "rated_capacity_total": 1.1,
            "RatedEfficiency_total": 0.37,
            "pipe_sizetype": "20A以下",
            "heatloss_coefficient": 0.213,
            "湯使用量（節湯込）[L/年]": 25.1043675,
            "太陽熱利用量[MJ/年]": 0.0,
            "給湯加熱負荷[MJ/年]": 3159.8102181441027,
            "配管熱損失[MJ/年]": 129.2826436153749,
            "設計一次エネルギー消費量[MJ/年]": 8540.027616605683,
            "基準一次エネルギー消費量[MJ/年]": 4386.0,
            "設計値/基準値": 1.947110719700338
        },
        "EB2-51": {
            "heat_sourceUnit": [
                {
                    "usage_type": "給湯負荷用",
                    "heat_source_type": "電気瞬間湯沸器",
                    "number": 1,
                    "rated_capacity": 1.1,
                    "rated_power_consumption": 0,
                    "rated_fuel_consumption": 2.9729729729729732,
                    "rated_capacity_total": 1.1,
                    "RatedEnergyConsumption_total": 2.9729729729729732,
                    "RatedEfficiency": 0.37
                }
            ],
            "insulation_type": "保温仕様2",
            "pipe_size": 20.0,
            "solar_system_area": null,
            "solar_system_direction": null,
            "solar_system_angle": null,
            "info": null,
            "rated_capacity_total": 1.1,
            "RatedEfficiency_total": 0.37,
            "pipe_sizetype": "20A以下",
            "heatloss_coefficient": 0.213,
            "湯使用量（節湯込）[L/年]": 25.1043675,
            "太陽熱利用量[MJ/年]": 0.0,
            "給湯加熱負荷[MJ/年]": 3159.8102181441027,
            "配管熱損失[MJ/年]": 129.2826436153749,
            "設計一次エネルギー消費量[MJ/年]": 8540.027616605683,
            "基準一次エネルギー消費量[MJ/年]": 4386.0,
            "設計値/基準値": 1.947110719700338
        },
        "EB2-52": {
            "heat_sourceUnit": [
                {
                    "usage_type": "給湯負荷用",
                    "heat_source_type": "電気瞬間湯沸器",
                    "number": 1,
                    "rated_capacity": 1.1,
                    "rated_power_consumption": 0,
                    "rated_fuel_consumption": 2.9729729729729732,
                    "rated_capacity_total": 1.1,
                    "RatedEnergyConsumption_total": 2.9729729729729732,
                    "RatedEfficiency": 0.37
                }
            ],
            "insulation_type": "保温仕様2",
            "pipe_size": 20.0,
            "solar_system_area": null,
            "solar_system_direction": null,
            "solar_system_angle": null,
            "info": null,
            "rated_capacity_total": 1.1,
            "RatedEfficiency_total": 0.37,
            "pipe_sizetype": "20A以下",
            "heatloss_coefficient": 0.213,
            "湯使用量（節湯込）[L/年]": 25.1043675,
            "太陽熱利用量[MJ/年]": 0.0,
            "給湯加熱負荷[MJ/年]": 3159.8102181441027,
            "配管熱損失[MJ/年]": 129.2826436153749,
            "設計一次エネルギー消費量[MJ/年]": 8540.027616605683,
            "基準一次エネルギー消費量[MJ/年]": 4386.0,
            "設計値/基準値": 1.947110719700338
        },
        "EB2-53": {
            "heat_sourceUnit": [
                {
                    "usage_type": "給湯負荷用",
                    "heat_source_type": "電気瞬間湯沸器",
                    "number": 1,
                    "rated_capacity": 1.1,
                    "rated_power_consumption": 0,
                    "rated_fuel_consumption": 2.9729729729729732,
                    "rated_capacity_total": 1.1,
                    "RatedEnergyConsumption_total": 2.9729729729729732,
                    "RatedEfficiency": 0.37
                }
            ],
            "insulation_type": "保温仕様2",
            "pipe_size": 20.0,
            "solar_system_area": null,
            "solar_system_direction": null,
            "solar_system_angle": null,
            "info": null,
            "rated_capacity_total": 1.1,
            "RatedEfficiency_total": 0.37,
            "pipe_sizetype": "20A以下",
            "heatloss_coefficient": 0.213,
            "湯使用量（節湯込）[L/年]": 25.1043675,
            "太陽熱利用量[MJ/年]": 0.0,
            "給湯加熱負荷[MJ/年]": 3159.8102181441027,
            "配管熱損失[MJ/年]": 129.2826436153749,
            "設計一次エネルギー消費量[MJ/年]": 8540.027616605683,
            "基準一次エネルギー消費量[MJ/年]": 4386.0,
            "設計値/基準値": 1.947110719700338
        },
        "EB1-51": {
            "heat_sourceUnit": [
                {
                    "usage_type": "給湯負荷用",
                    "heat_source_type": "電気瞬間湯沸器",
                    "number": 1,
                    "rated_capacity": 1.1,
                    "rated_power_consumption": 0,
                    "rated_fuel_consumption": 2.9729729729729732,
                    "rated_capacity_total": 1.1,
                    "RatedEnergyConsumption_total": 2.9729729729729732,
                    "RatedEfficiency": 0.37
                }
            ],
            "insulation_type": "保温仕様2",
            "pipe_size": 20.0,
            "solar_system_area": null,
            "solar_system_direction": null,
            "solar_system_angle": null,
            "info": null,
            "rated_capacity_total": 1.1,
            "RatedEfficiency_total": 0.37,
            "pipe_sizetype": "20A以下",
            "heatloss_coefficient": 0.213,
            "湯使用量（節湯込）[L/年]": 25.1043675,
            "太陽熱利用量[MJ/年]": 0.0,
            "給湯加熱負荷[MJ/年]": 3159.8102181441027,
            "配管熱損失[MJ/年]": 129.2826436153749,
            "設計一次エネルギー消費量[MJ/年]": 8540.027616605683,
            "基準一次エネルギー消費量[MJ/年]": 4386.0,
            "設計値/基準値": 1.947110719700338
        },
        "EB2-61": {
            "heat_sourceUnit": [
                {
                    "usage_type": "給湯負荷用",
                    "heat_source_type": "電気瞬間湯沸器",
                    "number": 1,
                    "rated_capacity": 1.1,
                    "rated_power_consumption": 0,
                    "rated_fuel_consumption": 2.9729729729729732,
                    "rated_capacity_total": 1.1,
                    "RatedEnergyConsumption_total": 2.9729729729729732,
                    "RatedEfficiency": 0.37
                }
            ],
            "insulation_type": "保温仕様2",
            "pipe_size": 20.0,
            "solar_system_area": null,
            "solar_system_direction": null,
            "solar_system_angle": null,
            "info": null,
            "rated_capacity_total": 1.1,
            "RatedEfficiency_total": 0.37,
            "pipe_sizetype": "20A以下",
            "heatloss_coefficient": 0.213,
            "湯使用量（節湯込）[L/年]": 25.1043675,
            "太陽熱利用量[MJ/年]": 0.0,
            "給湯加熱負荷[MJ/年]": 3159.8102181441027,
            "配管熱損失[MJ/年]": 129.2826436153749,
            "設計一次エネルギー消費量[MJ/年]": 8540.027616605683,
            "基準一次エネルギー消費量[MJ/年]": 4386.0,
            "設計値/基準値": 1.947110719700338
        },
        "EB2-62": {
            "heat_sourceUnit": [
                {
                    "usage_type": "給湯負荷用",
                    "heat_source_type": "電気瞬間湯沸器",
                    "number": 1,
                    "rated_capacity": 1.1,
                    "rated_power_consumption": 0,
                    "rated_fuel_consumption": 2.9729729729729732,
                    "rated_capacity_total": 1.1,
                    "RatedEnergyConsumption_total": 2.9729729729729732,
                    "RatedEfficiency": 0.37
                }
            ],
            "insulation_type": "保温仕様2",
            "pipe_size": 20.0,
            "solar_system_area": null,
            "solar_system_direction": null,
            "solar_system_angle": null,
            "info": null,
            "rated_capacity_total": 1.1,
            "RatedEfficiency_total": 0.37,
            "pipe_sizetype": "20A以下",
            "heatloss_coefficient": 0.213,
            "湯使用量（節湯込）[L/年]": 25.1043675,
            "太陽熱利用量[MJ/年]": 0.0,
            "給湯加熱負荷[MJ/年]": 3159.8102181441027,
            "配管熱損失[MJ/年]": 129.2826436153749,
            "設計一次エネルギー消費量[MJ/年]": 8540.027616605683,
            "基準一次エネルギー消費量[MJ/年]": 4386.0,
            "設計値/基準値": 1.947110719700338
        },
        "EB2-63": {
            "heat_sourceUnit": [
                {
                    "usage_type": "給湯負荷用",
                    "heat_source_type": "電気瞬間湯沸器",
                    "number": 1,
                    "rated_capacity": 1.1,
                    "rated_power_consumption": 0,
                    "rated_fuel_consumption": 2.9729729729729732,
                    "rated_capacity_total": 1.1,
                    "RatedEnergyConsumption_total": 2.9729729729729732,
                    "RatedEfficiency": 0.37
                }
            ],
            "insulation_type": "保温仕様2",
            "pipe_size": 20.0,
            "solar_system_area": null,
            "solar_system_direction": null,
            "solar_system_angle": null,
            "info": null,
            "rated_capacity_total": 1.1,
            "RatedEfficiency_total": 0.37,
            "pipe_sizetype": "20A以下",
            "heatloss_coefficient": 0.213,
            "湯使用量（節湯込）[L/年]": 25.1043675,
            "太陽熱利用量[MJ/年]": 0.0,
            "給湯加熱負荷[MJ/年]": 3159.8102181441027,
            "配管熱損失[MJ/年]": 129.2826436153749,
            "設計一次エネルギー消費量[MJ/年]": 8540.027616605683,
            "基準一次エネルギー消費量[MJ/年]": 4386.0,
            "設計値/基準値": 1.947110719700338
        },
        "EB1-61": {
            "heat_sourceUnit": [
                {
                    "usage_type": "給湯負荷用",
                    "heat_source_type": "電気瞬間湯沸器",
                    "number": 1,
                    "rated_capacity": 1.1,
                    "rated_power_consumption": 0,
                    "rated_fuel_consumption": 2.9729729729729732,
                    "rated_capacity_total": 1.1,
                    "RatedEnergyConsumption_total": 2.9729729729729732,
                    "RatedEfficiency": 0.37
                }
            ],
            "insulation_type": "保温仕様2",
            "pipe_size": 20.0,
            "solar_system_area": null,
            "solar_system_direction": null,
            "solar_system_angle": null,
            "info": null,
            "rated_capacity_total": 1.1,
            "RatedEfficiency_total": 0.37,
            "pipe_sizetype": "20A以下",
            "heatloss_coefficient": 0.213,
            "湯使用量（節湯込）[L/年]": 25.1043675,
            "太陽熱利用量[MJ/年]": 0.0,
            "給湯加熱負荷[MJ/年]": 3159.8102181441027,
            "配管熱損失[MJ/年]": 129.2826436153749,
            "設計一次エネルギー消費量[MJ/年]": 8540.027616605683,
            "基準一次エネルギー消費量[MJ/年]": 4386.0,
            "設計値/基準値": 1.947110719700338
        },
        "EB2-71": {
            "heat_sourceUnit": [
                {
                    "usage_type": "給湯負荷用",
                    "heat_source_type": "電気瞬間湯沸器",
                    "number": 1,
                    "rated_capacity": 1.1,
                    "rated_power_consumption": 0,
                    "rated_fuel_consumption": 2.9729729729729732,
                    "rated_capacity_total": 1.1,
                    "RatedEnergyConsumption_total": 2.9729729729729732,
                    "RatedEfficiency": 0.37
                }
            ],
            "insulation_type": "保温仕様2",
            "pipe_size": 20.0,
            "solar_system_area": null,
            "solar_system_direction": null,
            "solar_system_angle": null,
            "info": null,
            "rated_capacity_total": 1.1,
            "RatedEfficiency_total": 0.37,
            "pipe_sizetype": "20A以下",
            "heatloss_coefficient": 0.213,
            "湯使用量（節湯込）[L/年]": 25.1043675,
            "太陽熱利用量[MJ/年]": 0.0,
            "給湯加熱負荷[MJ/年]": 3159.8102181441027,
            "配管熱損失[MJ/年]": 129.2826436153749,
            "設計一次エネルギー消費量[MJ/年]": 8540.027616605683,
            "基準一次エネルギー消費量[MJ/年]": 4386.0,
            "設計値/基準値": 1.947110719700338
        },
        "EB2-72": {
            "heat_sourceUnit": [
                {
                    "usage_type": "給湯負荷用",
                    "heat_source_type": "電気瞬間湯沸器",
                    "number": 1,
                    "rated_capacity": 1.1,
                    "rated_power_consumption": 0,
                    "rated_fuel_consumption": 2.9729729729729732,
                    "rated_capacity_total": 1.1,
                    "RatedEnergyConsumption_total": 2.9729729729729732,
                    "RatedEfficiency": 0.37
                }
            ],
            "insulation_type": "保温仕様2",
            "pipe_size": 20.0,
            "solar_system_area": null,
            "solar_system_direction": null,
            "solar_system_angle": null,
            "info": null,
            "rated_capacity_total": 1.1,
            "RatedEfficiency_total": 0.37,
            "pipe_sizetype": "20A以下",
            "heatloss_coefficient": 0.213,
            "湯使用量（節湯込）[L/年]": 25.1043675,
            "太陽熱利用量[MJ/年]": 0.0,
            "給湯加熱負荷[MJ/年]": 3159.8102181441027,
            "配管熱損失[MJ/年]": 129.2826436153749,
            "設計一次エネルギー消費量[MJ/年]": 8540.027616605683,
            "基準一次エネルギー消費量[MJ/年]": 4386.0,
            "設計値/基準値": 1.947110719700338
        },
        "EB2-73": {
            "heat_sourceUnit": [
                {
                    "usage_type": "給湯負荷用",
                    "heat_source_type": "電気瞬間湯沸器",
                    "number": 1,
                    "rated_capacity": 1.1,
                    "rated_power_consumption": 0,
                    "rated_fuel_consumption": 2.9729729729729732,
                    "rated_capacity_total": 1.1,
                    "RatedEnergyConsumption_total": 2.9729729729729732,
                    "RatedEfficiency": 0.37
                }
            ],
            "insulation_type": "保温仕様2",
            "pipe_size": 20.0,
            "solar_system_area": null,
            "solar_system_direction": null,
            "solar_system_angle": null,
            "info": null,
            "rated_capacity_total": 1.1,
            "RatedEfficiency_total": 0.37,
            "pipe_sizetype": "20A以下",
            "heatloss_coefficient": 0.213,
            "湯使用量（節湯込）[L/年]": 25.1043675,
            "太陽熱利用量[MJ/年]": 0.0,
            "給湯加熱負荷[MJ/年]": 3159.8102181441027,
            "配管熱損失[MJ/年]": 129.2826436153749,
            "設計一次エネルギー消費量[MJ/年]": 8540.027616605683,
            "基準一次エネルギー消費量[MJ/年]": 4386.0,
            "設計値/基準値": 1.947110719700338
        },
        "EB1-71": {
            "heat_sourceUnit": [
                {
                    "usage_type": "給湯負荷用",
                    "heat_source_type": "電気瞬間湯沸器",
                    "number": 1,
                    "rated_capacity": 1.1,
                    "rated_power_consumption": 0,
                    "rated_fuel_consumption": 2.9729729729729732,
                    "rated_capacity_total": 1.1,
                    "RatedEnergyConsumption_total": 2.9729729729729732,
                    "RatedEfficiency": 0.37
                }
            ],
            "insulation_type": "保温仕様2",
            "pipe_size": 20.0,
            "solar_system_area": null,
            "solar_system_direction": null,
            "solar_system_angle": null,
            "info": null,
            "rated_capacity_total": 1.1,
            "RatedEfficiency_total": 0.37,
            "pipe_sizetype": "20A以下",
            "heatloss_coefficient": 0.213,
            "湯使用量（節湯込）[L/年]": 25.1043675,
            "太陽熱利用量[MJ/年]": 0.0,
            "給湯加熱負荷[MJ/年]": 3159.8102181441027,
            "配管熱損失[MJ/年]": 129.2826436153749,
            "設計一次エネルギー消費量[MJ/年]": 8540.027616605683,
            "基準一次エネルギー消費量[MJ/年]": 4386.0,
            "設計値/基準値": 1.947110719700338
        }
    },
    "for_cgs": {
        "edesign_mwh_ele_day": [
            0.0020410097635581944,
            0.002045133473527367,
            0.0021152365430032872,
            0.0019798650984980608,
            0.12961518794042315,
            0.13537388687861268,
            0.12896855437321128,
            0.12423470863588595,
            0.11853701286441465,
            0.0020465554424822533,
            0.002111539423720581,
            0.0020900676925017913,
            0.13700877174665807,
            0.13972951298228567,
            0.1370453736466889,
            0.13354379187706947,
            0.002126043507060427,
            0.0021132457864664455,
            0.13027402214097883,
            0.13181130194227514,
            0.12769968850547458,
            0.12375888393548473,
            0.12022070026583448,
            0.0020414363542446603,
            0.002061059525822099,
            0.1322383241093019,
            0.1335315912437257,
            0.13442223747781024,
            0.13721618251349965,
            0.1408641718832424,
            0.00217111992293034,
            0.0020698757333423978,
            0.13283615514313935,
            0.13237253107608168,
            0.12978599680723388,
            0.13439783621112297,
            0.13146968420865374,
            0.0020267900740093265,
            0.0020666052047461575,
            0.13305576654332446,
            0.12516195677000125,
            0.0019046429407845475,
            0.1230024446681802,
            0.13181130194227514,
            0.0019327979260913067,
            0.001862979250406363,
            0.12752887963866388,
            0.13611812551257355,
            0.13481265774480605,
            0.1355080938453926,
            0.14065676111640096,
            0.0021732528763626704,
            0.002195862182745371,
            0.14855057088972434,
            0.1460982435876562,
            0.1430480852517508,
            0.13661835147966217,
            0.12973719427385944,
            0.0020011946328213634,
            0.0022214576239333343,
            0.13791161861408602,
            0.13661835147966217,
            0.1254303707035609,
            0.13105486267497055,
            0.1377652110139625,
            0.002096893143485248,
            0.002005033948999558,
            0.124844740303067,
            0.13142088167527924,
            0.13636213817944612,
            0.1262356125042399,
            0.11175346072536091,
            0.001808375642538709,
            0.0019200002054973254,
            0.1280291056057524,
            0.12438111623600934,
            0.12200199273400314,
            0.1154502526284783,
            0.0017748171752033793,
            0.0018700890951807974,
            0.0017999860257048765,
            0.11541365072844742,
            0.12162377310035086,
            0.10259078508430089,
            0.1149378260280462,
            0.12266082693455879,
            0.0019783009326476845,
            0.0019187204334379275,
            0.11702413432980549,
            0.1250521510699087,
            0.10795077773307399,
            0.0979218571246168,
            0.10228968386163347,
            0.0017754826147687417,
            0.0017211634006920645,
            0.10192366486132479,
            0.10174065536117047,
            0.10474201116370141,
            0.09637237668997684,
            0.09786085395789872,
            0.0017635380755476923,
            0.0019102852716920136,
            0.11907775534245703,
            0.1160031957398644,
            0.10851200686688059,
            0.11195258546978193,
            0.11317264880414414,
            0.0017075124987251515,
            0.001731259380271761,
            0.09906871665891728,
            0.09517671462230193,
            0.09605516022304274,
            0.09671399442359827,
            0.10097201546052229,
            0.001632859128593592,
            0.0016674129741973422,
            0.09356623102094387,
            0.08515999464718842,
            0.0015717144635334582,
            0.10454680103020354,
            0.1056814599311603,
            0.0016940037936537258,
            0.001676086984822152,
            0.0016901644774755314,
            0.0016285932217289315,
            0.0016213411800590084,
            0.0893326112507071,
            0.08806374538297038,
            0.001556072805029703,
            0.0016728164562259122,
            0.09334661962075862,
            0.0821342375779702,
            0.07568010253919427,
            0.0967627969569728,
            0.09998376415968888,
            0.0016928662184898164,
            0.0016389735950996052,
            0.09670179379025462,
            0.0912237094189685,
            0.08385452687942087,
            0.08530640224731185,
            0.09542072728917433,
            0.0015267802445590338,
            0.0015657421939229332,
            0.08631905481483254,
            0.08448895981328926,
            0.08735610864904039,
            0.082366049611499,
            0.08210983631128294,
            0.0015594855305214308,
            0.001494359352387614,
            0.07608663805045694,
            0.0760622367837697,
            0.07520819244971619,
            0.07358550821501449,
            0.07735550391819361,
            0.001502703424309365,
            0.0014827958589409497,
            0.08367543199018973,
            0.07513498864965446,
            0.07487877534943839,
            0.07559861271671203,
            0.08050326732084796,
            0.0014271968728048747,
            0.0014077158981229247,
            0.0777337235518459,
            0.0864571763925355,
            0.07899038878623892,
            0.07557421145002483,
            0.07201162651368725,
            0.0013407411603477554,
            0.0014326003548334443,
            0.0792222008197677,
            0.08245536865582753,
            0.07629404881729845,
            0.076342851350673,
            0.07021813341217487,
            0.0013664787984312065,
            0.0014080002919139023,
            0.07439075001569344,
            0.06953489794493196,
            0.07656246275085817,
            0.07165780814672222,
            0.07301207844786418,
            0.0014161055149567573,
            0.0013768591718018803,
            0.07196282398031273,
            0.07196282398031273,
            0.0670337681094895,
            0.07154800244662958,
            0.06400801104027129,
            0.0012110575916620756,
            0.0012161766798996685,
            0.0657527016084092,
            0.06735098457642374,
            0.07064515557920162,
            0.0693884903448085,
            0.06536228134141336,
            0.0013024901954612994,
            0.001301921407879345,
            0.0011979754772771167,
            0.05907895516944813,
            0.056028796833542664,
            0.055089348066083815,
            0.05389368599840884,
            0.0011473533824831455,
            0.0012268414470613196,
            0.06721677760964387,
            0.06508166677451004,
            0.06312956543953055,
            0.05709025193443772,
            0.05709025193443772,
            0.0012588357485462736,
            0.001203663353096664,
            0.0627757470725655,
            0.06306856227281243,
            0.061738693238357706,
            0.061604486271577816,
            0.062385326805569574,
            0.0012131905450944059,
            0.001203663353096664,
            0.06610651997537426,
            0.06298315783940708,
            0.06426422434048742,
            0.06772920421007594,
            0.06326377240631037,
            0.001210488804080121,
            0.0012663721840071734,
            0.06336137747305937,
            0.06341018000643382,
            0.06391040597352236,
            0.06277574707256557,
            0.06369079457333715,
            0.001217314255063578,
            0.001184324575310203,
            0.06505726550782279,
            0.06830263397722625,
            0.0677414048434196,
            0.0679610162436048,
            0.06649694024237018,
            0.0012868485369575441,
            0.0013206913980838505,
            0.06970570681174276,
            0.061433677404767066,
            0.05791989500180405,
            0.05638261520050772,
            0.06463024334079598,
            0.0013723088711462429,
            0.0013592267567612837,
            0.0769162811178232,
            0.07723349758475737,
            0.07663566655091986,
            0.07040114291232911,
            0.07548880701661939,
            0.0014124083956740512,
            0.0014498061791875752,
            0.07973462742019982,
            0.07942961158660931,
            0.07573281968349191,
            0.0790147900529262,
            0.0859081478920725,
            0.001417669680807133,
            0.0013927852240966133,
            0.0013878083327545094,
            0.0014119818049875856,
            0.001420940209403373,
            0.07945401285329658,
            0.07731890201816269,
            0.0014776767707033569,
            0.0015355509071672512,
            0.08385844149034405,
            0.07534239941649594,
            0.07818514698555985,
            0.08419614461304226,
            0.08242705277821717,
            0.0014313661276861276,
            0.0014798552690477684,
            0.0819878299778468,
            0.0911993081522812,
            0.09384684558784712,
            0.0899426429178882,
            0.08102397994370064,
            0.0015051663164447541,
            0.0015321837265876044,
            0.0016548996473943383,
            0.09437147282162285,
            0.09213875691974006,
            0.09800726155802214,
            0.08722190168226047,
            0.0015798196865763128,
            0.0016337123099665243,
            0.10889022650053287,
            0.09359063228763105,
            0.09332221835407148,
            0.09199234931961665,
            0.09947133755925677,
            0.0017656710289800227,
            0.0017980919211514422,
            0.10929284740087243,
            0.09895891095882464,
            0.10365615479611912,
            0.10624268906496692,
            0.11356306907113999,
            0.0018090410821040709,
            0.001799229496315352,
            0.11497834253900019,
            0.0017878537446762573,
            0.1002155761932178,
            0.09651878429010027,
            0.09383464495450358,
            0.0016224787552229184,
            0.0016831968295965864,
            0.10391236809633517,
            0.1100980892015514,
            0.11230640383674703,
            0.1069137238988661,
            0.10660870806527561,
            0.0017673773917258866,
            0.0017550062618183712,
            0.10873161826706576,
            0.11350206590442191,
            0.11357526970448369,
            0.10591327196468919,
            0.10387576619630426,
            0.0019080101213641947,
            0.001955077293770949,
            0.0018485718190499245,
            0.11413649883829016,
            0.111757375336284,
            0.121566684544556,
            0.13021693358518374,
            0.001965884257828089,
            0.0019026066393356242,
            0.11546636787274499,
            0.11759756409695576,
            0.1211479483999496,
            0.12223380476753201,
            0.12329525986842711,
            0.0018858729505800411,
            0.0018954001425777836,
            0.12672363783798488,
            0.12737027140519674,
            0.12170917753375621,
            0.10489670478624537,
            0.10312761295142016,
            0.0017625882421913525,
            0.0018517456956627571,
            0.11821979639748043,
            0.12474713523631806,
            0.13123787217512495,
            0.12101374143316981,
            0.12602820173739834,
            0.0020559404375845064,
            0.0020508213493469142,
            0.12676023973801573,
            0.13473945394474446,
            0.00216358348746944,
            0.14274306941816023,
            0.14326769665193606,
            0.002114809952316822,
            0.0020643300544183397,
            0.1365207464129131,
            0.0022002702865055205,
            0.002199132711341611,
            0.0021203556312408803
        ],
        "Edesign_MJ_CGS_day": [
            0.0,
            0.0,
            0.0,
            0.0,
            95.1979863462471,
            99.30349939940612,
            94.73698593985426,
            91.36211504022357,
            87.30009259144124,
            0.0,
            0.0,
            0.0,
            100.46904759670124,
            102.40872855190138,
            100.49514195932727,
            97.99878126810557,
            0.0,
            0.0,
            95.6676848735153,
            96.76364810380775,
            93.83238136881924,
            91.02288832608544,
            88.50043327223773,
            0.0,
            0.0,
            97.06808233444453,
            97.99008314723027,
            98.62504597112982,
            100.61691565158196,
            103.21765379330769,
            0.0,
            0.0,
            97.49429025733602,
            97.16376166407323,
            95.31976003850183,
            98.60764972937916,
            96.52010071929831,
            0.0,
            0.0,
            97.65085643309212,
            92.02317222674915,
            0.0,
            90.48360483181456,
            96.76364810380775,
            0.0,
            0.0,
            93.7106076765645,
            99.83408477280167,
            98.90338583914063,
            99.39917872903482,
            103.069785738427,
            0.0,
            0.0,
            108.69746994476992,
            106.94914764882722,
            104.774617429993,
            100.19070772869046,
            95.28496755500049,
            0.0,
            0.0,
            101.11270854147618,
            100.19070772869046,
            92.21453088600659,
            96.22436460953685,
            101.00833109097215,
            0.0,
            0.0,
            91.79702108399042,
            96.48530823579698,
            100.0080471903084,
            92.78860686377882,
            82.46393738475396,
            0.0,
            0.0,
            94.06723063245335,
            91.46649249072759,
            89.77035892003693,
            85.09946800998102,
            0.0,
            0.0,
            0.0,
            85.07337364735501,
            89.50071717290146,
            75.93164860737599,
            84.73414693321688,
            90.2400574473051,
            0.0,
            0.0,
            86.22152560289949,
            91.94488913887112,
            79.6421347695678,
            72.49227941004091,
            75.60620668341151,
            0.0,
            0.0,
            75.34526305715141,
            75.21479124402136,
            77.3545289793542,
            71.38761805887313,
            72.44878880566422,
            0.0,
            0.0,
            87.57482100787503,
            85.38289454729014,
            80.0422483298333,
            82.49511841667831,
            83.36493050421198,
            0.0,
            0.0,
            73.30990277232257,
            70.53520221309012,
            71.16146691611439,
            71.63116544338257,
            74.66680962887511,
            0.0,
            0.0,
            69.38705025754567,
            63.39404497443856,
            0.0,
            77.21535904534885,
            78.02428428675515,
            0.0,
            0.0,
            0.0,
            0.0,
            0.0,
            66.36880231380376,
            65.46419774276873,
            0.0,
            0.0,
            69.2304840817896,
            61.236910997355025,
            56.63560505430182,
            71.66595792688392,
            73.96226183797283,
            0.0,
            0.0,
            71.62246732250722,
            67.71701104948097,
            62.46334604077752,
            63.49842242494259,
            70.70916463059686,
            0.0,
            0.0,
            64.22036645759555,
            62.91564832629502,
            64.95970673199919,
            61.40217529398642,
            61.21951475560434,
            0.0,
            0.0,
            56.814654141106885,
            56.797257899356225,
            56.18838943808264,
            55.03153936166284,
            57.71925871214191,
            0.0,
            0.0,
            62.22488532556642,
            56.13620071283062,
            55.95354017444854,
            56.46672930609341,
            59.96337389797884,
            0.0,
            0.0,
            57.98890045927736,
            64.20805688514322,
            58.88480690943706,
            56.44933306434274,
            53.90948176874437,
            0.0,
            0.0,
            59.05007120606848,
            61.355073238032745,
            56.96252219598762,
            56.99731467948896,
            52.63085800006987,
            0.0,
            0.0,
            55.605615339435076,
            52.14376323105099,
            57.153880855245035,
            53.657236263359614,
            54.622727680522004,
            0.0,
            0.0,
            53.874689285243036,
            53.874689285243036,
            50.360648451606934,
            53.57895317548159,
            48.20351447452339,
            0.0,
            0.0,
            49.44734575969656,
            50.5867995943657,
            52.93529223070665,
            52.039385780546965,
            49.16900589168577,
            0.0,
            0.0,
            0.0,
            44.689473640887314,
            42.51494342205309,
            41.845188114652174,
            40.992772268869146,
            0.0,
            0.0,
            50.49112026473701,
            48.96894911155305,
            47.57724977149914,
            43.27167993820739,
            43.27167993820739,
            0.0,
            0.0,
            47.32500426611438,
            47.53375916712246,
            46.58566399171075,
            46.48998466208203,
            47.0466643981036,
            0.0,
            0.0,
            49.69959126508134,
            47.472872320995094,
            48.38617501290547,
            50.85644134150115,
            47.67292910112786,
            0.0,
            0.0,
            47.742514068130546,
            47.777306551631895,
            48.13392950752072,
            47.325004266114384,
            47.97736333176466,
            0.0,
            0.0,
            48.95155286980237,
            51.26525302264198,
            50.86513946237649,
            51.021705638132545,
            49.97793113309212,
            0.0,
            0.0,
            52.26553692330572,
            46.36821096982732,
            43.86315215773032,
            42.767188927437864,
            48.647118639165576,
            0.0,
            0.0,
            57.4061263606298,
            57.632277503388565,
            57.20606958049705,
            52.76132981319992,
            56.38844621821538,
            0.0,
            0.0,
            59.41539228283261,
            59.1979392609492,
            56.56240863572212,
            58.902203151187734,
            63.81664144575306,
            0.0,
            0.0,
            0.0,
            0.0,
            0.0,
            59.21533550269985,
            57.69316434951591,
            0.0,
            0.0,
            62.355357138696476,
            56.28406876771135,
            58.31073093166482,
            62.70689342528695,
            61.44566589836312,
            0.0,
            0.0,
            61.13253354685098,
            67.6996148077303,
            69.58710703767841,
            66.8037083575706,
            60.44538199769936,
            0.0,
            0.0,
            0.0,
            69.96112623531789,
            68.36937011513125,
            72.55316625616828,
            64.86402740237048,
            0.0,
            0.0,
            80.31189007696872,
            69.40444649929631,
            69.21308784003892,
            68.2649926646272,
            73.5969407612087,
            0.0,
            0.0,
            80.59892806585488,
            73.23161968444455,
            76.58039622144922,
            78.42439784702066,
            83.64327037222276,
            0.0,
            0.0,
            84.65225239376184,
            0.0,
            74.12752613460424,
            71.49199550937718,
            69.57840891680308,
            0.0,
            0.0,
            76.76305675983133,
            81.17300404362709,
            82.74736392206307,
            78.90279449516419,
            78.68534147328074,
            0.0,
            0.0,
            80.19881450558935,
            83.59977976784609,
            83.65196849309811,
            78.18954858338655,
            76.73696239720528,
            0.0,
            0.0,
            0.0,
            84.05208205336359,
            82.3559484826729,
            89.34923766644376,
            95.51620536705757,
            0.0,
            0.0,
            85.00017722877531,
            86.6303372840403,
            89.16149045876332,
            89.9356232166683,
            90.69235973282264,
            0.0,
            0.0,
            93.13653169879227,
            93.59753210518514,
            89.56160401902883,
            77.57559345281464,
            76.3143659258908,
            0.0,
            0.0,
            87.07394144868249,
            91.72743611698769,
            96.35483642266695,
            89.06581112913464,
            92.6407388088981,
            0.0,
            0.0,
            93.1626260614183,
            98.8511971138886,
            0.0,
            104.55716440810957,
            104.93118360574906,
            0.0,
            0.0,
            100.12112276168779,
            0.0,
            0.0,
            0.0
        ],
        "Q_eqp_CGS_day": [
            0.0,
            0.0,
            0.0,
            0.0,
            81.87026825777252,
            85.40100948348929,
            81.47380790827468,
            78.57141893459229,
            75.07807962863947,
            0.0,
            0.0,
            0.0,
            86.40338093316309,
            88.07150655463519,
            86.42582208502145,
            84.2789518905708,
            0.0,
            0.0,
            82.27420899122318,
            83.21673736927468,
            80.69584797718454,
            78.27968396043349,
            76.11037261412446,
            0.0,
            0.0,
            83.47855080762231,
            84.27147150661804,
            84.81753953517166,
            86.53054746036051,
            88.76718226224462,
            0.0,
            0.0,
            83.845089621309,
            83.560835031103,
            81.9749936331116,
            84.80257876726608,
            83.00728661859655,
            0.0,
            0.0,
            83.97973653245923,
            79.13992811500428,
            0.0,
            77.81590015536052,
            83.21673736927468,
            0.0,
            0.0,
            80.5911226018455,
            85.85731290460946,
            85.05691182166095,
            85.48329370696996,
            88.64001573504723,
            0.0,
            0.0,
            93.47982415250213,
            91.97626697799143,
            90.10617098979398,
            86.1640086466738,
            81.94507209730043,
            0.0,
            0.0,
            86.95692934566951,
            86.1640086466738,
            79.30449656196568,
            82.7529535642017,
            86.86716473823606,
            0.0,
            0.0,
            78.94543813223176,
            82.97736508278541,
            86.00692058366522,
            79.7982019028498,
            70.9189861508884,
            0.0,
            0.0,
            80.89781834390988,
            78.66118354202575,
            77.20250867123177,
            73.18554248858368,
            0.0,
            0.0,
            0.0,
            73.16310133672532,
            76.97061676869527,
            65.30121780234334,
            72.87136636256652,
            77.6064494046824,
            0.0,
            0.0,
            74.15051201849356,
            79.07260465942917,
            68.49223590182834,
            62.34336029263519,
            65.02133774773391,
            0.0,
            0.0,
            64.79692622915022,
            64.68472046985836,
            66.52489492224461,
            61.393351530630895,
            62.305958372871245,
            0.0,
            0.0,
            75.31434606677253,
            73.42928931066952,
            68.83633356365665,
            70.94580183834336,
            71.69384023362232,
            0.0,
            0.0,
            63.04651638419742,
            60.66027390325751,
            61.198861547858385,
            61.602802281309025,
            64.21345628083262,
            0.0,
            0.0,
            59.67286322148928,
            54.51887867801716,
            0.0,
            66.40520877900002,
            67.10088448660944,
            0.0,
            0.0,
            0.0,
            0.0,
            0.0,
            57.077169989871244,
            56.299210058781114,
            0.0,
            0.0,
            59.53821631033905,
            52.66374345772532,
            48.70662034669958,
            61.63272381712017,
            63.60754518065666,
            0.0,
            0.0,
            61.59532189735623,
            58.236629502553654,
            53.71847759506868,
            54.60864328545064,
            60.8098815823133,
            0.0,
            0.0,
            55.22951515353218,
            54.107457560613724,
            55.865347789519305,
            52.805870752828326,
            52.64878268981974,
            0.0,
            0.0,
            48.860602561351925,
            48.845641793446354,
            48.322014916751066,
            47.32712385103005,
            49.63856249244205,
            0.0,
            0.0,
            53.51340137998713,
            48.27713261303433,
            48.12004455002575,
            48.56138720324034,
            51.56850155226181,
            0.0,
            0.0,
            49.87045439497854,
            55.21892892122318,
            50.64093394211588,
            48.546426435334766,
            46.36215432112017,
            0.0,
            0.0,
            50.78306123721889,
            52.76536298470816,
            48.987769088549356,
            49.0176906243605,
            45.26253788006009,
            0.0,
            0.0,
            47.82082919191416,
            44.843636378703856,
            49.15233753551074,
            46.145223186489275,
            46.97554580524893,
            0.0,
            0.0,
            46.33223278530901,
            46.33223278530901,
            43.31015766838197,
            46.07789973091417,
            41.45502244809012,
            0.0,
            0.0,
            42.52471735333906,
            43.5046476511545,
            45.524351318407724,
            44.75387177127039,
            42.28534506684977,
            0.0,
            0.0,
            0.0,
            38.4329473311631,
            36.562851342965665,
            35.98686177860087,
            35.253784151227464,
            0.0,
            0.0,
            43.42236342767383,
            42.11329623593563,
            40.91643480348927,
            37.213644746858364,
            37.213644746858364,
            0.0,
            0.0,
            40.69950366885836,
            40.87903288372532,
            40.063671032871255,
            39.98138680939056,
            40.4601313823691,
            0.0,
            0.0,
            42.741648487969954,
            40.826670196055794,
            41.61211051109871,
            43.736539553690996,
            40.99871902696996,
            0.0,
            0.0,
            41.058562098592276,
            41.088483634403424,
            41.39517937646782,
            40.69950366885838,
            41.2605324653176,
            0.0,
            0.0,
            42.098335468030044,
            44.088117599472106,
            43.744019937643785,
            43.878666848794,
            42.981020774459225,
            0.0,
            0.0,
            44.94836175404292,
            39.8766614340515,
            37.72231085564808,
            36.77978247759657,
            41.8365220296824,
            0.0,
            0.0,
            49.369268670141636,
            49.56375865291417,
            49.197219839227465,
            45.374743639351934,
            48.49406374766524,
            0.0,
            0.0,
            51.097237363236054,
            50.91022776441633,
            48.643671426721035,
            50.65589471002146,
            54.88231164334764,
            0.0,
            0.0,
            0.0,
            0.0,
            0.0,
            50.92518853232188,
            49.61612134058369,
            0.0,
            0.0,
            53.62560713927897,
            48.40429914023177,
            50.14722860123176,
            53.92792834574678,
            52.843272672592285,
            0.0,
            0.0,
            52.573978850291844,
            58.22166873464808,
            59.84491205240343,
            57.451189187510735,
            51.983028518021456,
            0.0,
            0.0,
            0.0,
            60.166568562373385,
            58.797658299012866,
            62.39572298030472,
            55.78306356603862,
            0.0,
            0.0,
            69.06822546619313,
            59.68782398939484,
            59.523255542433475,
            58.70789369157939,
            63.293369054639484,
            0.0,
            0.0,
            69.3150781366352,
            62.979192928622325,
            65.85914075044634,
            67.44498214843776,
            71.9332125201116,
            0.0,
            0.0,
            72.80093705863518,
            0.0,
            63.74967247575967,
            61.483116138064375,
            59.83743166845065,
            0.0,
            0.0,
            66.01622881345494,
            69.80878347751931,
            71.16273297297424,
            67.8564032658412,
            67.66939366702144,
            0.0,
            0.0,
            68.97098047480685,
            71.89581060034763,
            71.94069290406436,
            67.24301178171244,
            65.99378766159654,
            0.0,
            0.0,
            0.0,
            72.2847905658927,
            70.82611569509871,
            76.84034439314162,
            82.14393661566953,
            0.0,
            0.0,
            73.10015241674678,
            74.50209006427467,
            76.67888179453648,
            77.34463596633476,
            77.99542937022747,
            0.0,
            0.0,
            80.09741726096136,
            80.49387761045922,
            77.0229794563648,
            66.71501036942061,
            65.6303546962661,
            0.0,
            0.0,
            74.88358964586695,
            78.88559506060942,
            82.86515932349357,
            76.59659757105581,
            79.67103537565238,
            0.0,
            0.0,
            80.11985841281974,
            85.0120295179442,
            0.0,
            89.91916139097424,
            90.24081790094421,
            0.0,
            0.0,
            86.10416557505151,
            0.0,
            0.0,
            0.0
        ]
    }
}