{
    "E_lighting": 3413213.4165440006,
    "Es_lighting": 4209253.209999998,
    "BEI_L": 0.82,
    "E_lighting_hourly": null,
    "lighting": {
        "1F_風除け室": {
            "building_type": "事務所等",
            "room_type": "廊下",
            "room_area": 21.12,
            "opelationTime": 3133,
            "room_index": null,
            "room_indexCoeff": 1,
            "unitPower": 115.19999999999999,
            "primaryEnergy": 3522.5948160000003,
            "standardEnergy": 5174.400000000001,
            "primary_energy_per_area": 166.78952727272727,
            "energyRatio": 0.6807735807050093
        },
        "1F_ロビー": {
            "building_type": "事務所等",
            "room_type": "ロビー",
            "room_area": 114.12,
            "opelationTime": 3133,
            "room_index": null,
            "room_indexCoeff": 1,
            "unitPower": 384.0,
            "primaryEnergy": 11741.982719999996,
            "standardEnergy": 62423.64,
            "primary_energy_per_area": 102.89154153522604,
            "energyRatio": 0.1881015384556235
        },
        "1F_EVホール": {
            "building_type": "事務所等",
            "room_type": "廊下",
            "room_area": 16.32,
            "opelationTime": 3133,
            "room_index": null,
            "room_indexCoeff": 1,
            "unitPower": 115.19999999999999,
            "primaryEnergy": 3522.5948160000003,
            "standardEnergy": 3998.4,
            "primary_energy_per_area": 215.8452705882353,
            "energyRatio": 0.8810011044417767
        },
        "1F_中央監視室・警備室": {
            "building_type": "事務所等",
            "room_type": "中央監視室",
            "room_area": 39.0,
            "opelationTime": 8760,
            "room_index": null,
            "room_indexCoeff": 1,
            "unitPower": 528.0,
            "primaryEnergy": 45142.7328,
            "standardEnergy": 45669.0,
            "primary_energy_per_area": 1157.505969230769,
            "energyRatio": 0.9884764895224332
        },
        "1F_更衣室1": {
            "building_type": "事務所等",
            "room_type": "更衣室又は倉庫",
            "room_area": 14.63,
            "opelationTime": 3133,
            "room_index": null,
            "room_indexCoeff": 1,
            "unitPower": 90.0,
            "primaryEnergy": 2752.0271999999995,
            "standardEnergy": 2955.26,
            "primary_energy_per_area": 188.10848940533148,
            "energyRatio": 0.9312301455709479
        },
        "1F_更衣室2": {
            "building_type": "事務所等",
            "room_type": "更衣室又は倉庫",
            "room_area": 14.63,
            "opelationTime": 3133,
            "room_index": null,
            "room_indexCoeff": 1,
            "unitPower": 90.0,
            "primaryEnergy": 2752.0271999999995,
            "standardEnergy": 2955.26,
            "primary_energy_per_area": 188.10848940533148,
            "energyRatio": 0.9312301455709479
        },
        "1F_休憩室": {
            "building_type": "事務所等",
            "room_type": "更衣室又は倉庫",
            "room_area": 29.25,
            "opelationTime": 3133,
            "room_index": null,
            "room_indexCoeff": 1,
            "unitPower": 174.0,
            "primaryEnergy": 5320.585919999999,
            "standardEnergy": 5908.5,
            "primary_energy_per_area": 181.90037333333328,
            "energyRatio": 0.9004968976897687
        },
        "1F_自販機コーナー": {
            "building_type": "事務所等",
            "room_type": "廊下",
            "room_area": 25.87,
            "opelationTime": 3133,
            "room_index": null,
            "room_indexCoeff": 1,
            "unitPower": 75.0,
            "primaryEnergy": 2293.356,
            "standardEnergy": 6338.150000000001,
            "primary_energy_per_area": 88.64924623115579,
            "energyRatio": 0.3618336580863501
        },
        "1F_便所1": {
            "building_type": "事務所等",
            "room_type": "便所",
            "room_area": 33.28,
            "opelationTime": 3133,
            "room_index": null,
            "room_indexCoeff": 1,
            "unitPower": 178.8,
            "primaryEnergy": 5467.360703999999,
            "standardEnergy": 12213.76,
            "primary_energy_per_area": 164.28367499999996,
            "energyRatio": 0.4476394414168936
        },
        "1F_便所2": {
            "building_type": "事務所等",
            "room_type": "便所",
            "room_area": 33.77,
            "opelationTime": 3133,
            "room_index": null,
            "room_indexCoeff": 1,
            "unitPower": 178.8,
            "primaryEnergy": 5467.360703999999,
            "standardEnergy": 12393.590000000002,
            "primary_energy_per_area": 161.8999320106603,
            "energyRatio": 0.4411442289118809
        },
        "1F_DS・PS1": {
            "building_type": "事務所等",
            "room_type": "機械室",
            "room_area": 5.76,
            "opelationTime": 200.0,
            "room_index": null,
            "room_indexCoeff": 1,
            "unitPower": 90.0,
            "primaryEnergy": 175.67999999999998,
            "standardEnergy": 57.599999999999994,
            "primary_energy_per_area": 30.499999999999996,
            "energyRatio": 3.05
        },
        "1F_DS・PS2": {
            "building_type": "事務所等",
            "room_type": "機械室",
            "room_area": 14.4,
            "opelationTime": 200.0,
            "room_index": null,
            "room_indexCoeff": 1,
            "unitPower": 45.0,
            "primaryEnergy": 87.83999999999999,
            "standardEnergy": 144.0,
            "primary_energy_per_area": 6.099999999999999,
            "energyRatio": 0.6099999999999999
        },
        "1F_ES1": {
            "building_type": "事務所等",
            "room_type": "機械室",
            "room_area": 8.64,
            "opelationTime": 200.0,
            "room_index": null,
            "room_indexCoeff": 1,
            "unitPower": 45.0,
            "primaryEnergy": 87.83999999999999,
            "standardEnergy": 86.4,
            "primary_energy_per_area": 10.166666666666664,
            "energyRatio": 1.0166666666666664
        },
        "1F_ES2": {
            "building_type": "事務所等",
            "room_type": "機械室",
            "room_area": 9.6,
            "opelationTime": 200.0,
            "room_index": null,
            "room_indexCoeff": 1,
            "unitPower": 45.0,
            "primaryEnergy": 87.83999999999999,
            "standardEnergy": 96.0,
            "primary_energy_per_area": 9.149999999999999,
            "energyRatio": 0.9149999999999999
        },
        "1F_物入": {
            "building_type": "事務所等",
            "room_type": "更衣室又は倉庫",
            "room_area": 7.59,
            "opelationTime": 3133,
            "room_index": null,
            "room_indexCoeff": 1,
            "unitPower": 90.0,
            "primaryEnergy": 2752.0271999999995,
            "standardEnergy": 1533.18,
            "primary_energy_per_area": 362.58592885375487,
            "energyRatio": 1.7949798458106676
        },
        "1F_給湯室": {
            "building_type": "事務所等",
            "room_type": "湯沸室等",
            "room_area": 5.28,
            "opelationTime": 999.9999999999995,
            "room_index": null,
            "room_indexCoeff": 1,
            "unitPower": 45.0,
            "primaryEnergy": 439.2,
            "standardEnergy": 337.92,
            "primary_energy_per_area": 83.18181818181817,
            "energyRatio": 1.299715909090909
        },
        "1F_機械室1": {
            "building_type": "事務所等",
            "room_type": "機械室",
            "room_area": 164.31,
            "opelationTime": 200.0,
            "room_index": null,
            "room_indexCoeff": 1,
            "unitPower": 880.0,
            "primaryEnergy": 1717.76,
            "standardEnergy": 1643.1,
            "primary_energy_per_area": 10.454385003955936,
            "energyRatio": 1.0454385003955937
        },
        "1F_機械室2": {
            "building_type": "事務所等",
            "room_type": "機械室",
            "room_area": 45.5,
            "opelationTime": 200.0,
            "room_index": null,
            "room_indexCoeff": 1,
            "unitPower": 352.0,
            "primaryEnergy": 687.1039999999999,
            "standardEnergy": 455.0,
            "primary_energy_per_area": 15.101186813186812,
            "energyRatio": 1.510118681318681
        },
        "1F_電気室": {
            "building_type": "事務所等",
            "room_type": "電気室",
            "room_area": 50.0,
            "opelationTime": 200.0,
            "room_index": null,
            "room_indexCoeff": 1,
            "unitPower": 270.0,
            "primaryEnergy": 527.0400000000002,
            "standardEnergy": 500.0,
            "primary_energy_per_area": 10.540800000000004,
            "energyRatio": 1.0540800000000004
        },
        "1F_事務室1": {
            "building_type": "事務所等",
            "room_type": "事務室",
            "room_area": 352.5,
            "opelationTime": 3133,
            "room_index": null,
            "room_indexCoeff": 1,
            "unitPower": 4840.0,
            "primaryEnergy": 147997.90720000002,
            "standardEnergy": 175545.0,
            "primary_energy_per_area": 419.85221900709223,
            "energyRatio": 0.8430767449941612
        },
        "1F_事務室2": {
            "building_type": "事務所等",
            "room_type": "事務室",
            "room_area": 252.0,
            "opelationTime": 3133,
            "room_index": null,
            "room_indexCoeff": 1,
            "unitPower": 3520.0,
            "primaryEnergy": 107634.84159999999,
            "standardEnergy": 125496.0,
            "primary_energy_per_area": 427.12238730158725,
            "energyRatio": 0.8576754765092113
        },
        "1F_ローカ": {
            "building_type": "事務所等",
            "room_type": "廊下",
            "room_area": 149.25,
            "opelationTime": 3133,
            "room_index": null,
            "room_indexCoeff": 1,
            "unitPower": 275.0,
            "primaryEnergy": 8408.972,
            "standardEnergy": 36566.25,
            "primary_energy_per_area": 56.34152093802345,
            "energyRatio": 0.2299653915837692
        },
        "1F_ローカ（湯沸脇）": {
            "building_type": "事務所等",
            "room_type": "廊下",
            "room_area": 3.6,
            "opelationTime": 3133,
            "room_index": null,
            "room_indexCoeff": 1,
            "unitPower": 45.0,
            "primaryEnergy": 1376.0135999999998,
            "standardEnergy": 882.0,
            "primary_energy_per_area": 382.22599999999994,
            "energyRatio": 1.5601061224489794
        },
        "1F_階段室": {
            "building_type": "事務所等",
            "room_type": "廊下",
            "room_area": 12.5,
            "opelationTime": 3133,
            "room_index": null,
            "room_indexCoeff": 1,
            "unitPower": 90.0,
            "primaryEnergy": 2752.0271999999995,
            "standardEnergy": 3062.5,
            "primary_energy_per_area": 220.16217599999996,
            "energyRatio": 0.8986211265306121
        },
        "2F_EVホール": {
            "building_type": "事務所等",
            "room_type": "廊下",
            "room_area": 16.32,
            "opelationTime": 3133,
            "room_index": null,
            "room_indexCoeff": 1,
            "unitPower": 115.19999999999999,
            "primaryEnergy": 3522.5948160000003,
            "standardEnergy": 3998.4,
            "primary_energy_per_area": 215.8452705882353,
            "energyRatio": 0.8810011044417767
        },
        "2F_自販機コーナー": {
            "building_type": "事務所等",
            "room_type": "廊下",
            "room_area": 25.87,
            "opelationTime": 3133,
            "room_index": null,
            "room_indexCoeff": 1,
            "unitPower": 75.0,
            "primaryEnergy": 2293.356,
            "standardEnergy": 6338.150000000001,
            "primary_energy_per_area": 88.64924623115579,
            "energyRatio": 0.3618336580863501
        },
        "2F_便所1": {
            "building_type": "事務所等",
            "room_type": "便所",
            "room_area": 33.28,
            "opelationTime": 3133,
            "room_index": null,
            "room_indexCoeff": 1,
            "unitPower": 178.8,
            "primaryEnergy": 5467.360703999999,
            "standardEnergy": 12213.76,
            "primary_energy_per_area": 164.28367499999996,
            "energyRatio": 0.4476394414168936
        },
        "2F_便所2": {
            "building_type": "事務所等",
            "room_type": "便所",
            "room_area": 33.77,
            "opelationTime": 3133,
            "room_index": null,
            "room_indexCoeff": 1,
            "unitPower": 178.8,
            "primaryEnergy": 5467.360703999999,
            "standardEnergy": 12393.590000000002,
            "primary_energy_per_area": 161.8999320106603,
            "energyRatio": 0.4411442289118809
        },
        "2F_DS・PS1": {
            "building_type": "事務所等",
            "room_type": "機械室",
            "room_area": 5.76,
            "opelationTime": 200.0,
            "room_index": null,
            "room_indexCoeff": 1,
            "unitPower": 90.0,
            "primaryEnergy": 175.67999999999998,
            "standardEnergy": 57.599999999999994,
            "primary_energy_per_area": 30.499999999999996,
            "energyRatio": 3.05
        },
        "2F_DS・PS2": {
            "building_type": "事務所等",
            "room_type": "機械室",
            "room_area": 14.4,
            "opelationTime": 200.0,
            "room_index": null,
            "room_indexCoeff": 1,
            "unitPower": 45.0,
            "primaryEnergy": 87.83999999999999,
            "standardEnergy": 144.0,
            "primary_energy_per_area": 6.099999999999999,
            "energyRatio": 0.6099999999999999
        },
        "2F_ES1": {
            "building_type": "事務所等",
            "room_type": "機械室",
            "room_area": 8.64,
            "opelationTime": 200.0,
            "room_index": null,
            "room_indexCoeff": 1,
            "unitPower": 45.0,
            "primaryEnergy": 87.83999999999999,
            "standardEnergy": 86.4,
            "primary_energy_per_area": 10.166666666666664,
            "energyRatio": 1.0166666666666664
        },
        "2F_ES2": {
            "building_type": "事務所等",
            "room_type": "機械室",
            "room_area": 9.6,
            "opelationTime": 200.0,
            "room_index": null,
            "room_indexCoeff": 1,
            "unitPower": 45.0,
            "primaryEnergy": 87.83999999999999,
            "standardEnergy": 96.0,
            "primary_energy_per_area": 9.149999999999999,
            "energyRatio": 0.9149999999999999
        },
        "2F_物入": {
            "building_type": "事務所等",
            "room_type": "更衣室又は倉庫",
            "room_area": 7.59,
            "opelationTime": 3133,
            "room_index": null,
            "room_indexCoeff": 1,
            "unitPower": 90.0,
            "primaryEnergy": 2752.0271999999995,
            "standardEnergy": 1533.18,
            "primary_energy_per_area": 362.58592885375487,
            "energyRatio": 1.7949798458106676
        },
        "2F_給湯室": {
            "building_type": "事務所等",
            "room_type": "湯沸室等",
            "room_area": 5.28,
            "opelationTime": 999.9999999999995,
            "room_index": null,
            "room_indexCoeff": 1,
            "unitPower": 45.0,
            "primaryEnergy": 439.2,
            "standardEnergy": 337.92,
            "primary_energy_per_area": 83.18181818181817,
            "energyRatio": 1.299715909090909
        },
        "2F_機械室": {
            "building_type": "事務所等",
            "room_type": "機械室",
            "room_area": 45.5,
            "opelationTime": 200.0,
            "room_index": null,
            "room_indexCoeff": 1,
            "unitPower": 352.0,
            "primaryEnergy": 687.1039999999999,
            "standardEnergy": 455.0,
            "primary_energy_per_area": 15.101186813186812,
            "energyRatio": 1.510118681318681
        },
        "2F_事務室1": {
            "building_type": "事務所等",
            "room_type": "事務室",
            "room_area": 597.0,
            "opelationTime": 3133,
            "room_index": null,
            "room_indexCoeff": 1,
            "unitPower": 8360.0,
            "primaryEnergy": 255632.74879999994,
            "standardEnergy": 297306.0,
            "primary_energy_per_area": 428.1955591289781,
            "energyRatio": 0.8598304400180283
        },
        "2F_事務室2": {
            "building_type": "事務所等",
            "room_type": "事務室",
            "room_area": 499.5,
            "opelationTime": 3133,
            "room_index": null,
            "room_indexCoeff": 1,
            "unitPower": 7040.0,
            "primaryEnergy": 215269.68319999997,
            "standardEnergy": 248751.0,
            "primary_energy_per_area": 430.97033673673667,
            "energyRatio": 0.865402282603889
        },
        "2F_ローカ": {
            "building_type": "事務所等",
            "room_type": "廊下",
            "room_area": 117.74,
            "opelationTime": 3133,
            "room_index": null,
            "room_indexCoeff": 1,
            "unitPower": 384.0,
            "primaryEnergy": 11741.982719999996,
            "standardEnergy": 28846.3,
            "primary_energy_per_area": 99.72806794632238,
            "energyRatio": 0.40705333855641784
        },
        "2F_ローカ（湯沸脇）": {
            "building_type": "事務所等",
            "room_type": "廊下",
            "room_area": 3.6,
            "opelationTime": 3133,
            "room_index": null,
            "room_indexCoeff": 1,
            "unitPower": 45.0,
            "primaryEnergy": 1376.0135999999998,
            "standardEnergy": 882.0,
            "primary_energy_per_area": 382.22599999999994,
            "energyRatio": 1.5601061224489794
        },
        "2F_階段室": {
            "building_type": "事務所等",
            "room_type": "廊下",
            "room_area": 12.5,
            "opelationTime": 3133,
            "room_index": null,
            "room_indexCoeff": 1,
            "unitPower": 90.0,
            "primaryEnergy": 2752.0271999999995,
            "standardEnergy": 3062.5,
            "primary_energy_per_area": 220.16217599999996,
            "energyRatio": 0.8986211265306121
        },
        "3F_EVホール": {
            "building_type": "事務所等",
            "room_type": "廊下",
            "room_area": 16.32,
            "opelationTime": 3133,
            "room_index": null,
            "room_indexCoeff": 1,
            "unitPower": 115.19999999999999,
            "primaryEnergy": 3522.5948160000003,
            "standardEnergy": 3998.4,
            "primary_energy_per_area": 215.8452705882353,
            "energyRatio": 0.8810011044417767
        },
        "3F_自販機コーナー": {
            "building_type": "事務所等",
            "room_type": "廊下",
            "room_area": 25.87,
            "opelationTime": 3133,
            "room_index": null,
            "room_indexCoeff": 1,
            "unitPower": 75.0,
            "primaryEnergy": 2293.356,
            "standardEnergy": 6338.150000000001,
            "primary_energy_per_area": 88.64924623115579,
            "energyRatio": 0.3618336580863501
        },
        "3F_便所1": {
            "building_type": "事務所等",
            "room_type": "便所",
            "room_area": 33.28,
            "opelationTime": 3133,
            "room_index": null,
            "room_indexCoeff": 1,
            "unitPower": 178.8,
            "primaryEnergy": 5467.360703999999,
            "standardEnergy": 12213.76,
            "primary_energy_per_area": 164.28367499999996,
            "energyRatio": 0.4476394414168936
        },
        "3F_便所2": {
            "building_type": "事務所等",
            "room_type": "便所",
            "room_area": 33.77,
            "opelationTime": 3133,
            "room_index": null,
            "room_indexCoeff": 1,
            "unitPower": 178.8,
            "primaryEnergy": 5467.360703999999,
            "standardEnergy": 12393.590000000002,
            "primary_energy_per_area": 161.8999320106603,
            "energyRatio": 0.4411442289118809
        },
        "3F_DS・PS1": {
            "building_type": "事務所等",
            "room_type": "機械室",
            "room_area": 5.76,
            "opelationTime": 200.0,
            "room_index": null,
            "room_indexCoeff": 1,
            "unitPower": 90.0,
            "primaryEnergy": 175.67999999999998,
            "standardEnergy": 57.599999999999994,
            "primary_energy_per_area": 30.499999999999996,
            "energyRatio": 3.05
        },
        "3F_DS・PS2": {
            "building_type": "事務所等",
            "room_type": "機械室",
            "room_area": 14.4,
            "opelationTime": 200.0,
            "room_index": null,
            "room_indexCoeff": 1,
            "unitPower": 45.0,
            "primaryEnergy": 87.83999999999999,
            "standardEnergy": 144.0,
            "primary_energy_per_area": 6.099999999999999,
            "energyRatio": 0.6099999999999999
        },
        "3F_ES1": {
            "building_type": "事務所等",
            "room_type": "機械室",
            "room_area": 8.64,
            "opelationTime": 200.0,
            "room_index": null,
            "room_indexCoeff": 1,
            "unitPower": 45.0,
            "primaryEnergy": 87.83999999999999,
            "standardEnergy": 86.4,
            "primary_energy_per_area": 10.166666666666664,
            "energyRatio": 1.0166666666666664
        },
        "3F_ES2": {
            "building_type": "事務所等",
            "room_type": "機械室",
            "room_area": 9.6,
            "opelationTime": 200.0,
            "room_index": null,
            "room_indexCoeff": 1,
            "unitPower": 45.0,
            "primaryEnergy": 87.83999999999999,
            "standardEnergy": 96.0,
            "primary_energy_per_area": 9.149999999999999,
            "energyRatio": 0.9149999999999999
        },
        "3F_物入": {
            "building_type": "事務所等",
            "room_type": "更衣室又は倉庫",
            "room_area": 7.59,
            "opelationTime": 3133,
            "room_index": null,
            "room_indexCoeff": 1,
            "unitPower": 90.0,
            "primaryEnergy": 2752.0271999999995,
            "standardEnergy": 1533.18,
            "primary_energy_per_area": 362.58592885375487,
            "energyRatio": 1.7949798458106676
        },
        "3F_給湯室": {
            "building_type": "事務所等",
            "room_type": "湯沸室等",
            "room_area": 5.28,
            "opelationTime": 999.9999999999995,
            "room_index": null,
            "room_indexCoeff": 1,
            "unitPower": 45.0,
            "primaryEnergy": 439.2,
            "standardEnergy": 337.92,
            "primary_energy_per_area": 83.18181818181817,
            "energyRatio": 1.299715909090909
        },
        "3F_機械室": {
            "building_type": "事務所等",
            "room_type": "機械室",
            "room_area": 45.5,
            "opelationTime": 200.0,
            "room_index": null,
            "room_indexCoeff": 1,
            "unitPower": 352.0,
            "primaryEnergy": 687.1039999999999,
            "standardEnergy": 455.0,
            "primary_energy_per_area": 15.101186813186812,
            "energyRatio": 1.510118681318681
        },
        "3F_事務室1": {
            "building_type": "事務所等",
            "room_type": "事務室",
            "room_area": 597.0,
            "opelationTime": 3133,
            "room_index": null,
            "room_indexCoeff": 1,
            "unitPower": 8360.0,
            "primaryEnergy": 255632.74879999994,
            "standardEnergy": 297306.0,
            "primary_energy_per_area": 428.1955591289781,
            "energyRatio": 0.8598304400180283
        },
        "3F_事務室2": {
            "building_type": "事務所等",
            "room_type": "事務室",
            "room_area": 499.5,
            "opelationTime": 3133,
            "room_index": null,
            "room_indexCoeff": 1,
            "unitPower": 7040.0,
            "primaryEnergy": 215269.68319999997,
            "standardEnergy": 248751.0,
            "primary_energy_per_area": 430.97033673673667,
            "energyRatio": 0.865402282603889
        },
        "3F_ローカ": {
            "building_type": "事務所等",
            "room_type": "廊下",
            "room_area": 117.74,
            "opelationTime": 3133,
            "room_index": null,
            "room_indexCoeff": 1,
            "unitPower": 384.0,
            "primaryEnergy": 11741.982719999996,
            "standardEnergy": 28846.3,
            "primary_energy_per_area": 99.72806794632238,
            "energyRatio": 0.40705333855641784
        },
        "3F_ローカ（湯沸脇）": {
            "building_type": "事務所等",
            "room_type": "廊下",
            "room_area": 3.6,
            "opelationTime": 3133,
            "room_index": null,
            "room_indexCoeff": 1,
            "unitPower": 45.0,
            "primaryEnergy": 1376.0135999999998,
            "standardEnergy": 882.0,
            "primary_energy_per_area": 382.22599999999994,
            "energyRatio": 1.5601061224489794
        },
        "3F_階段室": {
            "building_type": "事務所等",
            "room_type": "廊下",
            "room_area": 12.5,
            "opelationTime": 3133,
            "room_index": null,
            "room_indexCoeff": 1,
            "unitPower": 90.0,
            "primaryEnergy": 2752.0271999999995,
            "standardEnergy": 3062.5,
            "primary_energy_per_area": 220.16217599999996,
            "energyRatio": 0.8986211265306121
        },
        "4F_EVホール": {
            "building_type": "事務所等",
            "room_type": "廊下",
            "room_area": 16.32,
            "opelationTime": 3133,
            "room_index": null,
            "room_indexCoeff": 1,
            "unitPower": 115.19999999999999,
            "primaryEnergy": 3522.5948160000003,
            "standardEnergy": 3998.4,
            "primary_energy_per_area": 215.8452705882353,
            "energyRatio": 0.8810011044417767
        },
        "4F_自販機コーナー": {
            "building_type": "事務所等",
            "room_type": "廊下",
            "room_area": 25.87,
            "opelationTime": 3133,
            "room_index": null,
            "room_indexCoeff": 1,
            "unitPower": 75.0,
            "primaryEnergy": 2293.356,
            "standardEnergy": 6338.150000000001,
            "primary_energy_per_area": 88.64924623115579,
            "energyRatio": 0.3618336580863501
        },
        "4F_便所1": {
            "building_type": "事務所等",
            "room_type": "便所",
            "room_area": 33.28,
            "opelationTime": 3133,
            "room_index": null,
            "room_indexCoeff": 1,
            "unitPower": 178.8,
            "primaryEnergy": 5467.360703999999,
            "standardEnergy": 12213.76,
            "primary_energy_per_area": 164.28367499999996,
            "energyRatio": 0.4476394414168936
        },
        "4F_便所2": {
            "building_type": "事務所等",
            "room_type": "便所",
            "room_area": 33.77,
            "opelationTime": 3133,
            "room_index": null,
            "room_indexCoeff": 1,
            "unitPower": 178.8,
            "primaryEnergy": 5467.360703999999,
            "standardEnergy": 12393.590000000002,
            "primary_energy_per_area": 161.8999320106603,
            "energyRatio": 0.4411442289118809
        },
        "4F_DS・PS1": {
            "building_type": "事務所等",
            "room_type": "機械室",
            "room_area": 5.76,
            "opelationTime": 200.0,
            "room_index": null,
            "room_indexCoeff": 1,
            "unitPower": 90.0,
            "primaryEnergy": 175.67999999999998,
            "standardEnergy": 57.599999999999994,
            "primary_energy_per_area": 30.499999999999996,
            "energyRatio": 3.05
        },
        "4F_DS・PS2": {
            "building_type": "事務所等",
            "room_type": "機械室",
            "room_area": 14.4,
            "opelationTime": 200.0,
            "room_index": null,
            "room_indexCoeff": 1,
            "unitPower": 45.0,
            "primaryEnergy": 87.83999999999999,
            "standardEnergy": 144.0,
            "primary_energy_per_area": 6.099999999999999,
            "energyRatio": 0.6099999999999999
        },
        "4F_ES1": {
            "building_type": "事務所等",
            "room_type": "機械室",
            "room_area": 8.64,
            "opelationTime": 200.0,
            "room_index": null,
            "room_indexCoeff": 1,
            "unitPower": 45.0,
            "primaryEnergy": 87.83999999999999,
            "standardEnergy": 86.4,
            "primary_energy_per_area": 10.166666666666664,
            "energyRatio": 1.0166666666666664
        },
        "4F_ES2": {
            "building_type": "事務所等",
            "room_type": "機械室",
            "room_area": 9.6,
            "opelationTime": 200.0,
            "room_index": null,
            "room_indexCoeff": 1,
            "unitPower": 45.0,
            "primaryEnergy": 87.83999999999999,
            "standardEnergy": 96.0,
            "primary_energy_per_area": 9.149999999999999,
            "energyRatio": 0.9149999999999999
        },
        "4F_物入": {
            "building_type": "事務所等",
            "room_type": "更衣室又は倉庫",
            "room_area": 7.59,
            "opelationTime": 3133,
            "room_index": null,
            "room_indexCoeff": 1,
            "unitPower": 90.0,
            "primaryEnergy": 2752.0271999999995,
            "standardEnergy": 1533.18,
            "primary_energy_per_area": 362.58592885375487,
            "energyRatio": 1.7949798458106676
        },
        "4F_給湯室": {
            "building_type": "事務所等",
            "room_type": "湯沸室等",
            "room_area": 5.28,
            "opelationTime": 999.9999999999995,
            "room_index": null,
            "room_indexCoeff": 1,
            "unitPower": 45.0,
            "primaryEnergy": 439.2,
            "standardEnergy": 337.92,
            "primary_energy_per_area": 83.18181818181817,
            "energyRatio": 1.299715909090909
        },
        "4F_機械室": {
            "building_type": "事務所等",
            "room_type": "機械室",
            "room_area": 45.5,
            "opelationTime": 200.0,
            "room_index": null,
            "room_indexCoeff": 1,
            "unitPower": 352.0,
            "primaryEnergy": 687.1039999999999,
            "standardEnergy": 455.0,
            "primary_energy_per_area": 15.101186813186812,
            "energyRatio": 1.510118681318681
        },
        "4F_事務室1": {
            "building_type": "事務所等",
            "room_type": "事務室",
            "room_area": 597.0,
            "opelationTime": 3133,
            "room_index": null,
            "room_indexCoeff": 1,
            "unitPower": 8360.0,
            "primaryEnergy": 255632.74879999994,
            "standardEnergy": 297306.0,
            "primary_energy_per_area": 428.1955591289781,
            "energyRatio": 0.8598304400180283
        },
        "4F_事務室2": {
            "building_type": "事務所等",
            "room_type": "事務室",
            "room_area": 499.5,
            "opelationTime": 3133,
            "room_index": null,
            "room_indexCoeff": 1,
            "unitPower": 7040.0,
            "primaryEnergy": 215269.68319999997,
            "standardEnergy": 248751.0,
            "primary_energy_per_area": 430.97033673673667,
            "energyRatio": 0.865402282603889
        },
        "4F_ローカ": {
            "building_type": "事務所等",
            "room_type": "廊下",
            "room_area": 117.74,
            "opelationTime": 3133,
            "room_index": null,
            "room_indexCoeff": 1,
            "unitPower": 384.0,
            "primaryEnergy": 11741.982719999996,
            "standardEnergy": 28846.3,
            "primary_energy_per_area": 99.72806794632238,
            "energyRatio": 0.40705333855641784
        },
        "4F_ローカ（湯沸脇）": {
            "building_type": "事務所等",
            "room_type": "廊下",
            "room_area": 3.6,
            "opelationTime": 3133,
            "room_index": null,
            "room_indexCoeff": 1,
            "unitPower": 45.0,
            "primaryEnergy": 1376.0135999999998,
            "standardEnergy": 882.0,
            "primary_energy_per_area": 382.22599999999994,
            "energyRatio": 1.5601061224489794
        },
        "4F_階段室": {
            "building_type": "事務所等",
            "room_type": "廊下",
            "room_area": 12.5,
            "opelationTime": 3133,
            "room_index": null,
            "room_indexCoeff": 1,
            "unitPower": 90.0,
            "primaryEnergy": 2752.0271999999995,
            "standardEnergy": 3062.5,
            "primary_energy_per_area": 220.16217599999996,
            "energyRatio": 0.8986211265306121
        },
        "5F_EVホール": {
            "building_type": "事務所等",
            "room_type": "廊下",
            "room_area": 16.32,
            "opelationTime": 3133,
            "room_index": null,
            "room_indexCoeff": 1,
            "unitPower": 115.19999999999999,
            "primaryEnergy": 3522.5948160000003,
            "standardEnergy": 3998.4,
            "primary_energy_per_area": 215.8452705882353,
            "energyRatio": 0.8810011044417767
        },
        "5F_自販機コーナー": {
            "building_type": "事務所等",
            "room_type": "廊下",
            "room_area": 25.87,
            "opelationTime": 3133,
            "room_index": null,
            "room_indexCoeff": 1,
            "unitPower": 75.0,
            "primaryEnergy": 2293.356,
            "standardEnergy": 6338.150000000001,
            "primary_energy_per_area": 88.64924623115579,
            "energyRatio": 0.3618336580863501
        },
        "5F_便所1": {
            "building_type": "事務所等",
            "room_type": "便所",
            "room_area": 33.28,
            "opelationTime": 3133,
            "room_index": null,
            "room_indexCoeff": 1,
            "unitPower": 178.8,
            "primaryEnergy": 5467.360703999999,
            "standardEnergy": 12213.76,
            "primary_energy_per_area": 164.28367499999996,
            "energyRatio": 0.4476394414168936
        },
        "5F_便所2": {
            "building_type": "事務所等",
            "room_type": "便所",
            "room_area": 33.77,
            "opelationTime": 3133,
            "room_index": null,
            "room_indexCoeff": 1,
            "unitPower": 178.8,
            "primaryEnergy": 5467.360703999999,
            "standardEnergy": 12393.590000000002,
            "primary_energy_per_area": 161.8999320106603,
            "energyRatio": 0.4411442289118809
        },
        "5F_DS・PS1": {
            "building_type": "事務所等",
            "room_type": "機械室",
            "room_area": 5.76,
            "opelationTime": 200.0,
            "room_index": null,
            "room_indexCoeff": 1,
            "unitPower": 90.0,
            "primaryEnergy": 175.67999999999998,
            "standardEnergy": 57.599999999999994,
            "primary_energy_per_area": 30.499999999999996,
            "energyRatio": 3.05
        },
        "5F_DS・PS2": {
            "building_type": "事務所等",
            "room_type": "機械室",
            "room_area": 14.4,
            "opelationTime": 200.0,
            "room_index": null,
            "room_indexCoeff": 1,
            "unitPower": 45.0,
            "primaryEnergy": 87.83999999999999,
            "standardEnergy": 144.0,
            "primary_energy_per_area": 6.099999999999999,
            "energyRatio": 0.6099999999999999
        },
        "5F_ES1": {
            "building_type": "事務所等",
            "room_type": "機械室",
            "room_area": 8.64,
            "opelationTime": 200.0,
            "room_index": null,
            "room_indexCoeff": 1,
            "unitPower": 45.0,
            "primaryEnergy": 87.83999999999999,
            "standardEnergy": 86.4,
            "primary_energy_per_area": 10.166666666666664,
            "energyRatio": 1.0166666666666664
        },
        "5F_ES2": {
            "building_type": "事務所等",
            "room_type": "機械室",
            "room_area": 9.6,
            "opelationTime": 200.0,
            "room_index": null,
            "room_indexCoeff": 1,
            "unitPower": 45.0,
            "primaryEnergy": 87.83999999999999,
            "standardEnergy": 96.0,
            "primary_energy_per_area": 9.149999999999999,
            "energyRatio": 0.9149999999999999
        },
        "5F_物入": {
            "building_type": "事務所等",
            "room_type": "更衣室又は倉庫",
            "room_area": 7.59,
            "opelationTime": 3133,
            "room_index": null,
            "room_indexCoeff": 1,
            "unitPower": 90.0,
            "primaryEnergy": 2752.0271999999995,
            "standardEnergy": 1533.18,
            "primary_energy_per_area": 362.58592885375487,
            "energyRatio": 1.7949798458106676
        },
        "5F_給湯室": {
            "building_type": "事務所等",
            "room_type": "湯沸室等",
            "room_area": 5.28,
            "opelationTime": 999.9999999999995,
            "room_index": null,
            "room_indexCoeff": 1,
            "unitPower": 45.0,
            "primaryEnergy": 439.2,
            "standardEnergy": 337.92,
            "primary_energy_per_area": 83.18181818181817,
            "energyRatio": 1.299715909090909
        },
        "5F_機械室": {
            "building_type": "事務所等",
            "room_type": "機械室",
            "room_area": 45.5,
            "opelationTime": 200.0,
            "room_index": null,
            "room_indexCoeff": 1,
            "unitPower": 352.0,
            "primaryEnergy": 687.1039999999999,
            "standardEnergy": 455.0,
            "primary_energy_per_area": 15.101186813186812,
            "energyRatio": 1.510118681318681
        },
        "5F_事務室1": {
            "building_type": "事務所等",
            "room_type": "事務室",
            "room_area": 597.0,
            "opelationTime": 3133,
            "room_index": null,
            "room_indexCoeff": 1,
            "unitPower": 8360.0,
            "primaryEnergy": 255632.74879999994,
            "standardEnergy": 297306.0,
            "primary_energy_per_area": 428.1955591289781,
            "energyRatio": 0.8598304400180283
        },
        "5F_事務室2": {
            "building_type": "事務所等",
            "room_type": "事務室",
            "room_area": 499.5,
            "opelationTime": 3133,
            "room_index": null,
            "room_indexCoeff": 1,
            "unitPower": 7040.0,
            "primaryEnergy": 215269.68319999997,
            "standardEnergy": 248751.0,
            "primary_energy_per_area": 430.97033673673667,
            "energyRatio": 0.865402282603889
        },
        "5F_ローカ": {
            "building_type": "事務所等",
            "room_type": "廊下",
            "room_area": 117.74,
            "opelationTime": 3133,
            "room_index": null,
            "room_indexCoeff": 1,
            "unitPower": 384.0,
            "primaryEnergy": 11741.982719999996,
            "standardEnergy": 28846.3,
            "primary_energy_per_area": 99.72806794632238,
            "energyRatio": 0.40705333855641784
        },
        "5F_ローカ（湯沸脇）": {
            "building_type": "事務所等",
            "room_type": "廊下",
            "room_area": 3.6,
            "opelationTime": 3133,
            "room_index": null,
            "room_indexCoeff": 1,
            "unitPower": 45.0,
            "primaryEnergy": 1376.0135999999998,
            "standardEnergy": 882.0,
            "primary_energy_per_area": 382.22599999999994,
            "energyRatio": 1.5601061224489794
        },
        "5F_階段室": {
            "building_type": "事務所等",
            "room_type": "廊下",
            "room_area": 12.5,
            "opelationTime": 3133,
            "room_index": null,
            "room_indexCoeff": 1,
            "unitPower": 90.0,
            "primaryEnergy": 2752.0271999999995,
            "standardEnergy": 3062.5,
            "primary_energy_per_area": 220.16217599999996,
            "energyRatio": 0.8986211265306121
        },
        "6F_EVホール": {
            "building_type": "事務所等",
            "room_type": "廊下",
            "room_area": 16.32,
            "opelationTime": 3133,
            "room_index": null,
            "room_indexCoeff": 1,
            "unitPower": 115.19999999999999,
            "primaryEnergy": 3522.5948160000003,
            "standardEnergy": 3998.4,
            "primary_energy_per_area": 215.8452705882353,
            "energyRatio": 0.8810011044417767
        },
        "6F_自販機コーナー": {
            "building_type": "事務所等",
            "room_type": "廊下",
            "room_area": 25.87,
            "opelationTime": 3133,
            "room_index": null,
            "room_indexCoeff": 1,
            "unitPower": 75.0,
            "primaryEnergy": 2293.356,
            "standardEnergy": 6338.150000000001,
            "primary_energy_per_area": 88.64924623115579,
            "energyRatio": 0.3618336580863501
        },
        "6F_便所1": {
            "building_type": "事務所等",
            "room_type": "便所",
            "room_area": 33.28,
            "opelationTime": 3133,
            "room_index": null,
            "room_indexCoeff": 1,
            "unitPower": 178.8,
            "primaryEnergy": 5467.360703999999,
            "standardEnergy": 12213.76,
            "primary_energy_per_area": 164.28367499999996,
            "energyRatio": 0.4476394414168936
        },
        "6F_便所2": {
            "building_type": "事務所等",
            "room_type": "便所",
            "room_area": 33.77,
            "opelationTime": 3133,
            "room_index": null,
            "room_indexCoeff": 1,
            "unitPower": 178.8,
            "primaryEnergy": 5467.360703999999,
            "standardEnergy": 12393.590000000002,
            "primary_energy_per_area": 161.8999320106603,
            "energyRatio": 0.4411442289118809
        },
        "6F_DS・PS1": {
            "building_type": "事務所等",
            "room_type": "機械室",
            "room_area": 5.76,
            "opelationTime": 200.0,
            "room_index": null,
            "room_indexCoeff": 1,
            "unitPower": 90.0,
            "primaryEnergy": 175.67999999999998,
            "standardEnergy": 57.599999999999994,
            "primary_energy_per_area": 30.499999999999996,
            "energyRatio": 3.05
        },
        "6F_DS・PS2": {
            "building_type": "事務所等",
            "room_type": "機械室",
            "room_area": 14.4,
            "opelationTime": 200.0,
            "room_index": null,
            "room_indexCoeff": 1,
            "unitPower": 45.0,
            "primaryEnergy": 87.83999999999999,
            "standardEnergy": 144.0,
            "primary_energy_per_area": 6.099999999999999,
            "energyRatio": 0.6099999999999999
        },
        "6F_ES1": {
            "building_type": "事務所等",
            "room_type": "機械室",
            "room_area": 8.64,
            "opelationTime": 200.0,
            "room_index": null,
            "room_indexCoeff": 1,
            "unitPower": 45.0,
            "primaryEnergy": 87.83999999999999,
            "standardEnergy": 86.4,
            "primary_energy_per_area": 10.166666666666664,
            "energyRatio": 1.0166666666666664
        },
        "6F_ES2": {
            "building_type": "事務所等",
            "room_type": "機械室",
            "room_area": 9.6,
            "opelationTime": 200.0,
            "room_index": null,
            "room_indexCoeff": 1,
            "unitPower": 45.0,
            "primaryEnergy": 87.83999999999999,
            "standardEnergy": 96.0,
            "primary_energy_per_area": 9.149999999999999,
            "energyRatio": 0.9149999999999999
        },
        "6F_物入": {
            "building_type": "事務所等",
            "room_type": "更衣室又は倉庫",
            "room_area": 7.59,
            "opelationTime": 3133,
            "room_index": null,
            "room_indexCoeff": 1,
            "unitPower": 90.0,
            "primaryEnergy": 2752.0271999999995,
            "standardEnergy": 1533.18,
            "primary_energy_per_area": 362.58592885375487,
            "energyRatio": 1.7949798458106676
        },
        "6F_給湯室": {
            "building_type": "事務所等",
            "room_type": "湯沸室等",
            "room_area": 5.28,
            "opelationTime": 999.9999999999995,
            "room_index": null,
            "room_indexCoeff": 1,
            "unitPower": 45.0,
            "primaryEnergy": 439.2,
            "standardEnergy": 337.92,
            "primary_energy_per_area": 83.18181818181817,
            "energyRatio": 1.299715909090909
        },
        "6F_機械室": {
            "building_type": "事務所等",
            "room_type": "機械室",
            "room_area": 45.5,
            "opelationTime": 200.0,
            "room_index": null,
            "room_indexCoeff": 1,
            "unitPower": 352.0,
            "primaryEnergy": 687.1039999999999,
            "standardEnergy": 455.0,
            "primary_energy_per_area": 15.101186813186812,
            "energyRatio": 1.510118681318681
        },
        "6F_事務室1": {
            "building_type": "事務所等",
            "room_type": "事務室",
            "room_area": 597.0,
            "opelationTime": 3133,
            "room_index": null,
            "room_indexCoeff": 1,
            "unitPower": 8360.0,
            "primaryEnergy": 255632.74879999994,
            "standardEnergy": 297306.0,
            "primary_energy_per_area": 428.1955591289781,
            "energyRatio": 0.8598304400180283
        },
        "6F_事務室2": {
            "building_type": "事務所等",
            "room_type": "事務室",
            "room_area": 499.5,
            "opelationTime": 3133,
            "room_index": null,
            "room_indexCoeff": 1,
            "unitPower": 7040.0,
            "primaryEnergy": 215269.68319999997,
            "standardEnergy": 248751.0,
            "primary_energy_per_area": 430.97033673673667,
            "energyRatio": 0.865402282603889
        },
        "6F_ローカ": {
            "building_type": "事務所等",
            "room_type": "廊下",
            "room_area": 117.74,
            "opelationTime": 3133,
            "room_index": null,
            "room_indexCoeff": 1,
            "unitPower": 384.0,
            "primaryEnergy": 11741.982719999996,
            "standardEnergy": 28846.3,
            "primary_energy_per_area": 99.72806794632238,
            "energyRatio": 0.40705333855641784
        },
        "6F_ローカ（湯沸脇）": {
            "building_type": "事務所等",
            "room_type": "廊下",
            "room_area": 3.6,
            "opelationTime": 3133,
            "room_index": null,
            "room_indexCoeff": 1,
            "unitPower": 45.0,
            "primaryEnergy": 1376.0135999999998,
            "standardEnergy": 882.0,
            "primary_energy_per_area": 382.22599999999994,
            "energyRatio": 1.5601061224489794
        },
        "6F_階段室": {
            "building_type": "事務所等",
            "room_type": "廊下",
            "room_area": 12.5,
            "opelationTime": 3133,
            "room_index": null,
            "room_indexCoeff": 1,
            "unitPower": 90.0,
            "primaryEnergy": 2752.0271999999995,
            "standardEnergy": 3062.5,
            "primary_energy_per_area": 220.16217599999996,
            "energyRatio": 0.8986211265306121
        },
        "7F_EVホール": {
            "building_type": "事務所等",
            "room_type": "廊下",
            "room_area": 16.32,
            "opelationTime": 3133,
            "room_index": null,
            "room_indexCoeff": 1,
            "unitPower": 115.19999999999999,
            "primaryEnergy": 3522.5948160000003,
            "standardEnergy": 3998.4,
            "primary_energy_per_area": 215.8452705882353,
            "energyRatio": 0.8810011044417767
        },
        "7F_自販機コーナー": {
            "building_type": "事務所等",
            "room_type": "廊下",
            "room_area": 25.87,
            "opelationTime": 3133,
            "room_index": null,
            "room_indexCoeff": 1,
            "unitPower": 75.0,
            "primaryEnergy": 2293.356,
            "standardEnergy": 6338.150000000001,
            "primary_energy_per_area": 88.64924623115579,
            "energyRatio": 0.3618336580863501
        },
        "7F_便所1": {
            "building_type": "事務所等",
            "room_type": "便所",
            "room_area": 33.28,
            "opelationTime": 3133,
            "room_index": null,
            "room_indexCoeff": 1,
            "unitPower": 178.8,
            "primaryEnergy": 5467.360703999999,
            "standardEnergy": 12213.76,
            "primary_energy_per_area": 164.28367499999996,
            "energyRatio": 0.4476394414168936
        },
        "7F_便所2": {
            "building_type": "事務所等",
            "room_type": "便所",
            "room_area": 33.77,
            "opelationTime": 3133,
            "room_index": null,
            "room_indexCoeff": 1,
            "unitPower": 178.8,
            "primaryEnergy": 5467.360703999999,
            "standardEnergy": 12393.590000000002,
            "primary_energy_per_area": 161.8999320106603,
            "energyRatio": 0.4411442289118809
        },
        "7F_DS・PS1": {
            "building_type": "事務所等",
            "room_type": "機械室",
            "room_area": 5.76,
            "opelationTime": 200.0,
            "room_index": null,
            "room_indexCoeff": 1,
            "unitPower": 90.0,
            "primaryEnergy": 175.67999999999998,
            "standardEnergy": 57.599999999999994,
            "primary_energy_per_area": 30.499999999999996,
            "energyRatio": 3.05
        },
        "7F_DS・PS2": {
            "building_type": "事務所等",
            "room_type": "機械室",
            "room_area": 14.4,
            "opelationTime": 200.0,
            "room_index": null,
            "room_indexCoeff": 1,
            "unitPower": 45.0,
            "primaryEnergy": 87.83999999999999,
            "standardEnergy": 144.0,
            "primary_energy_per_area": 6.099999999999999,
            "energyRatio": 0.6099999999999999
        },
        "7F_ES1": {
            "building_type": "事務所等",
            "room_type": "機械室",
            "room_area": 8.64,
            "opelationTime": 200.0,
            "room_index": null,
            "room_indexCoeff": 1,
            "unitPower": 45.0,
            "primaryEnergy": 87.83999999999999,
            "standardEnergy": 86.4,
            "primary_energy_per_area": 10.166666666666664,
            "energyRatio": 1.0166666666666664
        },
        "7F_ES2": {
            "building_type": "事務所等",
            "room_type": "機械室",
            "room_area": 9.6,
            "opelationTime": 200.0,
            "room_index": null,
            "room_indexCoeff": 1,
            "unitPower": 45.0,
            "primaryEnergy": 87.83999999999999,
            "standardEnergy": 96.0,
            "primary_energy_per_area": 9.149999999999999,
            "energyRatio": 0.9149999999999999
        },
        "7F_物入": {
            "building_type": "事務所等",
            "room_type": "更衣室又は倉庫",
            "room_area": 7.59,
            "opelationTime": 3133,
            "room_index": null,
            "room_indexCoeff": 1,
            "unitPower": 90.0,
            "primaryEnergy": 2752.0271999999995,
            "standardEnergy": 1533.18,
            "primary_energy_per_area": 362.58592885375487,
            "energyRatio": 1.7949798458106676
        },
        "7F_給湯室": {
            "building_type": "事務所等",
            "room_type": "湯沸室等",
            "room_area": 5.28,
            "opelationTime": 999.9999999999995,
            "room_index": null,
            "room_indexCoeff": 1,
            "unitPower": 45.0,
            "primaryEnergy": 439.2,
            "standardEnergy": 337.92,
            "primary_energy_per_area": 83.18181818181817,
            "energyRatio": 1.299715909090909
        },
        "7F_機械室": {
            "building_type": "事務所等",
            "room_type": "機械室",
            "room_area": 45.5,
            "opelationTime": 200.0,
            "room_index": null,
            "room_indexCoeff": 1,
            "unitPower": 352.0,
            "primaryEnergy": 687.1039999999999,
            "standardEnergy": 455.0,
            "primary_energy_per_area": 15.101186813186812,
            "energyRatio": 1.510118681318681
        },
        "7F_事務室1": {
            "building_type": "事務所等",
            "room_type": "事務室",
            "room_area": 597.0,
            "opelationTime": 3133,
            "room_index": null,
            "room_indexCoeff": 1,
            "unitPower": 8360.0,
            "primaryEnergy": 255632.74879999994,
            "standardEnergy": 297306.0,
            "primary_energy_per_area": 428.1955591289781,
            "energyRatio": 0.8598304400180283
        },
        "7F_事務室2": {
            "building_type": "事務所等",
            "room_type": "事務室",
            "room_area": 499.5,
            "opelationTime": 3133,
            "room_index": null,
            "room_indexCoeff": 1,
            "unitPower": 7040.0,
            "primaryEnergy": 215269.68319999997,
            "standardEnergy": 248751.0,
            "primary_energy_per_area": 430.97033673673667,
            "energyRatio": 0.865402282603889
        },
        "7F_ローカ": {
            "building_type": "事務所等",
            "room_type": "廊下",
            "room_area": 117.74,
            "opelationTime": 3133,
            "room_index": null,
            "room_indexCoeff": 1,
            "unitPower": 384.0,
            "primaryEnergy": 11741.982719999996,
            "standardEnergy": 28846.3,
            "primary_energy_per_area": 99.72806794632238,
            "energyRatio": 0.40705333855641784
        },
        "7F_ローカ（湯沸脇）": {
            "building_type": "事務所等",
            "room_type": "廊下",
            "room_area": 3.6,
            "opelationTime": 3133,
            "room_index": null,
            "room_indexCoeff": 1,
            "unitPower": 45.0,
            "primaryEnergy": 1376.0135999999998,
            "standardEnergy": 882.0,
            "primary_energy_per_area": 382.22599999999994,
            "energyRatio": 1.5601061224489794
        },
        "7F_階段室": {
            "building_type": "事務所等",
            "room_type": "廊下",
            "room_area": 12.5,
            "opelationTime": 3133,
            "room_index": null,
            "room_indexCoeff": 1,
            "unitPower": 90.0,
            "primaryEnergy": 2752.0271999999995,
            "standardEnergy": 3062.5,
            "primary_energy_per_area": 220.16217599999996,
            "energyRatio": 0.8986211265306121
        },
        "RF_EV機械室": {
            "building_type": "事務所等",
            "room_type": "機械室",
            "room_area": 50.0,
            "opelationTime": 200.0,
            "room_index": null,
            "room_indexCoeff": 1,
            "unitPower": 360.0,
            "primaryEnergy": 702.7199999999999,
            "standardEnergy": 500.0,
            "primary_energy_per_area": 14.054399999999998,
            "energyRatio": 1.4054399999999998
        },
        "RF_階段室": {
            "building_type": "事務所等",
            "room_type": "廊下",
            "room_area": 13.5,
            "opelationTime": 3133,
            "room_index": null,
            "room_indexCoeff": 1,
            "unitPower": 90.0,
            "primaryEnergy": 2752.0271999999995,
            "standardEnergy": 3307.5,
            "primary_energy_per_area": 203.85386666666662,
            "energyRatio": 0.8320565986394557
        }
    },
    "for_cgs": {
        "Edesign_MWh_day": [
            0.016575561643835595,
            0.016575561643835595,
            0.016575561643835595,
            0.016575561643835595,
            1.4425689616438366,
            1.4425689616438366,
            1.4425689616438366,
            1.4425689616438366,
            1.4425689616438366,
            0.016575561643835595,
            0.016575561643835595,
            0.016575561643835595,
            1.4425689616438366,
            1.4425689616438366,
            1.4425689616438366,
            1.4425689616438366,
            0.016575561643835595,
            0.016575561643835595,
            1.4425689616438366,
            1.4425689616438366,
            1.4425689616438366,
            1.4425689616438366,
            1.4425689616438366,
            0.016575561643835595,
            0.016575561643835595,
            1.4425689616438366,
            1.4425689616438366,
            1.4425689616438366,
            1.4425689616438366,
            1.4425689616438366,
            0.016575561643835595,
            0.016575561643835595,
            1.4425689616438366,
            1.4425689616438366,
            1.4425689616438366,
            1.4425689616438366,
            1.4425689616438366,
            0.016575561643835595,
            0.016575561643835595,
            1.4425689616438366,
            1.4425689616438366,
            0.016575561643835595,
            1.4425689616438366,
            1.4425689616438366,
            0.016575561643835595,
            0.016575561643835595,
            1.4425689616438366,
            1.4425689616438366,
            1.4425689616438366,
            1.4425689616438366,
            1.4425689616438366,
            0.016575561643835595,
            0.016575561643835595,
            1.4425689616438366,
            1.4425689616438366,
            1.4425689616438366,
            1.4425689616438366,
            1.4425689616438366,
            0.016575561643835595,
            0.016575561643835595,
            1.4425689616438366,
            1.4425689616438366,
            1.4425689616438366,
            1.4425689616438366,
            1.4425689616438366,
            0.016575561643835595,
            0.016575561643835595,
            1.4425689616438366,
            1.4425689616438366,
            1.4425689616438366,
            1.4425689616438366,
            1.4425689616438366,
            0.016575561643835595,
            0.016575561643835595,
            1.4425689616438366,
            1.4425689616438366,
            1.4425689616438366,
            1.4425689616438366,
            0.016575561643835595,
            0.016575561643835595,
            0.016575561643835595,
            1.4425689616438366,
            1.4425689616438366,
            1.4425689616438366,
            1.4425689616438366,
            1.4425689616438366,
            0.016575561643835595,
            0.016575561643835595,
            1.4425689616438366,
            1.4425689616438366,
            1.4425689616438366,
            1.4425689616438366,
            1.4425689616438366,
            0.016575561643835595,
            0.016575561643835595,
            1.4425689616438366,
            1.4425689616438366,
            1.4425689616438366,
            1.4425689616438366,
            1.4425689616438366,
            0.016575561643835595,
            0.016575561643835595,
            1.4425689616438366,
            1.4425689616438366,
            1.4425689616438366,
            1.4425689616438366,
            1.4425689616438366,
            0.016575561643835595,
            0.016575561643835595,
            1.4425689616438366,
            1.4425689616438366,
            1.4425689616438366,
            1.4425689616438366,
            1.4425689616438366,
            0.016575561643835595,
            0.016575561643835595,
            1.4425689616438366,
            1.4425689616438366,
            0.016575561643835595,
            1.4425689616438366,
            1.4425689616438366,
            0.016575561643835595,
            0.016575561643835595,
            0.016575561643835595,
            0.016575561643835595,
            0.016575561643835595,
            1.4425689616438366,
            1.4425689616438366,
            0.016575561643835595,
            0.016575561643835595,
            1.4425689616438366,
            1.4425689616438366,
            1.4425689616438366,
            1.4425689616438366,
            1.4425689616438366,
            0.016575561643835595,
            0.016575561643835595,
            1.4425689616438366,
            1.4425689616438366,
            1.4425689616438366,
            1.4425689616438366,
            1.4425689616438366,
            0.016575561643835595,
            0.016575561643835595,
            1.4425689616438366,
            1.4425689616438366,
            1.4425689616438366,
            1.4425689616438366,
            1.4425689616438366,
            0.016575561643835595,
            0.016575561643835595,
            1.4425689616438366,
            1.4425689616438366,
            1.4425689616438366,
            1.4425689616438366,
            1.4425689616438366,
            0.016575561643835595,
            0.016575561643835595,
            1.4425689616438366,
            1.4425689616438366,
            1.4425689616438366,
            1.4425689616438366,
            1.4425689616438366,
            0.016575561643835595,
            0.016575561643835595,
            1.4425689616438366,
            1.4425689616438366,
            1.4425689616438366,
            1.4425689616438366,
            1.4425689616438366,
            0.016575561643835595,
            0.016575561643835595,
            1.4425689616438366,
            1.4425689616438366,
            1.4425689616438366,
            1.4425689616438366,
            1.4425689616438366,
            0.016575561643835595,
            0.016575561643835595,
            1.4425689616438366,
            1.4425689616438366,
            1.4425689616438366,
            1.4425689616438366,
            1.4425689616438366,
            0.016575561643835595,
            0.016575561643835595,
            1.4425689616438366,
            1.4425689616438366,
            1.4425689616438366,
            1.4425689616438366,
            1.4425689616438366,
            0.016575561643835595,
            0.016575561643835595,
            1.4425689616438366,
            1.4425689616438366,
            1.4425689616438366,
            1.4425689616438366,
            1.4425689616438366,
            0.016575561643835595,
            0.016575561643835595,
            0.016575561643835595,
            1.4425689616438366,
            1.4425689616438366,
            1.4425689616438366,
            1.4425689616438366,
            0.016575561643835595,
            0.016575561643835595,
            1.4425689616438366,
            1.4425689616438366,
            1.4425689616438366,
            1.4425689616438366,
            1.4425689616438366,
            0.016575561643835595,
            0.016575561643835595,
            1.4425689616438366,
            1.4425689616438366,
            1.4425689616438366,
            1.4425689616438366,
            1.4425689616438366,
            0.016575561643835595,
            0.016575561643835595,
            1.4425689616438366,
            1.4425689616438366,
            1.4425689616438366,
            1.4425689616438366,
            1.4425689616438366,
            0.016575561643835595,
            0.016575561643835595,
            1.4425689616438366,
            1.4425689616438366,
            1.4425689616438366,
            1.4425689616438366,
            1.4425689616438366,
            0.016575561643835595,
            0.016575561643835595,
            1.4425689616438366,
            1.4425689616438366,
            1.4425689616438366,
            1.4425689616438366,
            1.4425689616438366,
            0.016575561643835595,
            0.016575561643835595,
            1.4425689616438366,
            1.4425689616438366,
            1.4425689616438366,
            1.4425689616438366,
            1.4425689616438366,
            0.016575561643835595,
            0.016575561643835595,
            1.4425689616438366,
            1.4425689616438366,
            1.4425689616438366,
            1.4425689616438366,
            1.4425689616438366,
            0.016575561643835595,
            0.016575561643835595,
            1.4425689616438366,
            1.4425689616438366,
            1.4425689616438366,
            1.4425689616438366,
            1.4425689616438366,
            0.016575561643835595,
            0.016575561643835595,
            0.016575561643835595,
            0.016575561643835595,
            0.016575561643835595,
            1.4425689616438366,
            1.4425689616438366,
            0.016575561643835595,
            0.016575561643835595,
            1.4425689616438366,
            1.4425689616438366,
            1.4425689616438366,
            1.4425689616438366,
            1.4425689616438366,
            0.016575561643835595,
            0.016575561643835595,
            1.4425689616438366,
            1.4425689616438366,
            1.4425689616438366,
            1.4425689616438366,
            1.4425689616438366,
            0.016575561643835595,
            0.016575561643835595,
            0.016575561643835595,
            1.4425689616438366,
            1.4425689616438366,
            1.4425689616438366,
            1.4425689616438366,
            0.016575561643835595,
            0.016575561643835595,
            1.4425689616438366,
            1.4425689616438366,
            1.4425689616438366,
            1.4425689616438366,
            1.4425689616438366,
            0.016575561643835595,
            0.016575561643835595,
            1.4425689616438366,
            1.4425689616438366,
            1.4425689616438366,
            1.4425689616438366,
            1.4425689616438366,
            0.016575561643835595,
            0.016575561643835595,
            1.4425689616438366,
            0.016575561643835595,
            1.4425689616438366,
            1.4425689616438366,
            1.4425689616438366,
            0.016575561643835595,
            0.016575561643835595,
            1.4425689616438366,
            1.4425689616438366,
            1.4425689616438366,
            1.4425689616438366,
            1.4425689616438366,
            0.016575561643835595,
            0.016575561643835595,
            1.4425689616438366,
            1.4425689616438366,
            1.4425689616438366,
            1.4425689616438366,
            1.4425689616438366,
            0.016575561643835595,
            0.016575561643835595,
            0.016575561643835595,
            1.4425689616438366,
            1.4425689616438366,
            1.4425689616438366,
            1.4425689616438366,
            0.016575561643835595,
            0.016575561643835595,
            1.4425689616438366,
            1.4425689616438366,
            1.4425689616438366,
            1.4425689616438366,
            1.4425689616438366,
            0.016575561643835595,
            0.016575561643835595,
            1.4425689616438366,
            1.4425689616438366,
            1.4425689616438366,
            1.4425689616438366,
            1.4425689616438366,
            0.016575561643835595,
            0.016575561643835595,
            1.4425689616438366,
            1.4425689616438366,
            1.4425689616438366,
            1.4425689616438366,
            1.4425689616438366,
            0.016575561643835595,
            0.016575561643835595,
            1.4425689616438366,
            1.4425689616438366,
            0.016575561643835595,
            1.4425689616438366,
            1.4425689616438366,
            0.016575561643835595,
            0.016575561643835595,
            1.4425689616438366,
            0.016575561643835595,
            0.016575561643835595,
            0.016575561643835595
        ]
    },
    "total_area": 10104.520000000004,
    "E_lighting_GJ": 3413.2134165440007,
    "E_lighting_MJ_m2": 337.79075270710524,
    "Es_lighting_GJ": 4209.253209999998,
    "Es_lighting_MJ_m2": 416.57131758856394
}