{
    "設計一次エネルギー消費量[MJ/年]": 251554.41104156757,
    "基準一次エネルギー消費量[MJ/年]": 138804.0,
    "設計一次エネルギー消費量[GJ/年]": 251.55441104156756,
    "基準一次エネルギー消費量[GJ/年]": 138.804,
    "設計一次エネルギー消費量[MJ/m2年]": 34.68878698818459,
    "基準一次エネルギー消費量[MJ/m2年]": 19.14075912710725,
    "BEI/HW": 1.82,
    "計算対象面積": 7251.75,
    "HotwaterSupplySystems": {
        "EB2-11": {
            "HeatSourceUnit": [
                {
                    "UsageType": "給湯負荷用",
                    "HeatSourceType": "電気瞬間湯沸器",
                    "Number": 1,
                    "RatedCapacity": 1.1,
                    "RatedPowerConsumption": 0,
                    "RatedFuelConsumption": 2.9729729729729732,
                    "RatedCapacity_total": 1.1,
                    "RatedEnergyConsumption_total": 2.9729729729729732,
                    "RatedEfficiency": 0.37
                }
            ],
            "InsulationType": "保温仕様2",
            "PipeSize": 20.0,
            "SolarSystemArea": null,
            "SolarSystemDirection": null,
            "SolarSystemAngle": null,
            "Info": null,
            "RatedCapacity_total": 1.1,
            "RatedEfficiency_total": 0.37,
            "PipeSizeType": "20A以下",
            "heatloss_coefficient": 0.213,
            "湯使用量（節湯込）[L/年]": 22.73470561158798,
            "太陽熱利用量[MJ/年]": 0.0,
            "給湯加熱負荷[MJ/年]": 2998.8866732186943,
            "配管熱損失[MJ/年]": 170.89985382399743,
            "設計一次エネルギー消費量[MJ/年]": 8105.099116807283,
            "基準一次エネルギー消費量[MJ/年]": 3946.532188841202,
            "設計値/基準値": 2.053726849035821
        },
        "EB2-12": {
            "HeatSourceUnit": [
                {
                    "UsageType": "給湯負荷用",
                    "HeatSourceType": "電気瞬間湯沸器",
                    "Number": 1,
                    "RatedCapacity": 1.1,
                    "RatedPowerConsumption": 0,
                    "RatedFuelConsumption": 2.9729729729729732,
                    "RatedCapacity_total": 1.1,
                    "RatedEnergyConsumption_total": 2.9729729729729732,
                    "RatedEfficiency": 0.37
                }
            ],
            "InsulationType": "保温仕様2",
            "PipeSize": 20.0,
            "SolarSystemArea": null,
            "SolarSystemDirection": null,
            "SolarSystemAngle": null,
            "Info": null,
            "RatedCapacity_total": 1.1,
            "RatedEfficiency_total": 0.37,
            "PipeSizeType": "20A以下",
            "heatloss_coefficient": 0.213,
            "湯使用量（節湯込）[L/年]": 22.73470561158798,
            "太陽熱利用量[MJ/年]": 0.0,
            "給湯加熱負荷[MJ/年]": 2998.8866732186943,
            "配管熱損失[MJ/年]": 170.89985382399743,
            "設計一次エネルギー消費量[MJ/年]": 8105.099116807283,
            "基準一次エネルギー消費量[MJ/年]": 3946.532188841202,
            "設計値/基準値": 2.053726849035821
        },
        "EB2-13": {
            "HeatSourceUnit": [
                {
                    "UsageType": "給湯負荷用",
                    "HeatSourceType": "電気瞬間湯沸器",
                    "Number": 1,
                    "RatedCapacity": 1.1,
                    "RatedPowerConsumption": 0,
                    "RatedFuelConsumption": 2.9729729729729732,
                    "RatedCapacity_total": 1.1,
                    "RatedEnergyConsumption_total": 2.9729729729729732,
                    "RatedEfficiency": 0.37
                }
            ],
            "InsulationType": "保温仕様2",
            "PipeSize": 20.0,
            "SolarSystemArea": null,
            "SolarSystemDirection": null,
            "SolarSystemAngle": null,
            "Info": null,
            "RatedCapacity_total": 1.1,
            "RatedEfficiency_total": 0.37,
            "PipeSizeType": "20A以下",
            "heatloss_coefficient": 0.213,
            "湯使用量（節湯込）[L/年]": 22.73470561158798,
            "太陽熱利用量[MJ/年]": 0.0,
            "給湯加熱負荷[MJ/年]": 2998.8866732186943,
            "配管熱損失[MJ/年]": 170.89985382399743,
            "設計一次エネルギー消費量[MJ/年]": 8105.099116807283,
            "基準一次エネルギー消費量[MJ/年]": 3946.532188841202,
            "設計値/基準値": 2.053726849035821
        },
        "EB1-11": {
            "HeatSourceUnit": [
                {
                    "UsageType": "給湯負荷用",
                    "HeatSourceType": "ガス給湯機",
                    "Number": 1,
                    "RatedCapacity": 20.0,
                    "RatedPowerConsumption": 0,
                    "RatedFuelConsumption": 23.25581395348837,
                    "RatedCapacity_total": 20.0,
                    "RatedEnergyConsumption_total": 23.25581395348837,
                    "RatedEfficiency": 0.8600000000000001
                }
            ],
            "InsulationType": "保温仕様2",
            "PipeSize": 40.0,
            "SolarSystemArea": null,
            "SolarSystemDirection": null,
            "SolarSystemAngle": null,
            "Info": null,
            "RatedCapacity_total": 20.0,
            "RatedEfficiency_total": 0.8600000000000001,
            "PipeSizeType": "40A以下",
            "heatloss_coefficient": 0.354,
            "湯使用量（節湯込）[L/年]": 112.54596566523605,
            "太陽熱利用量[MJ/年]": 0.0,
            "給湯加熱負荷[MJ/年]": 15123.913606264983,
            "配管熱損失[MJ/年]": 963.2320243892034,
            "設計一次エネルギー消費量[MJ/年]": 17585.94605379649,
            "基準一次エネルギー消費量[MJ/年]": 19282.403433476396,
            "設計値/基準値": 0.9120204394886445
        },
        "EB1-12": {
            "HeatSourceUnit": [
                {
                    "UsageType": "給湯負荷用",
                    "HeatSourceType": "電気瞬間湯沸器",
                    "Number": 1,
                    "RatedCapacity": 1.1,
                    "RatedPowerConsumption": 0,
                    "RatedFuelConsumption": 2.9729729729729732,
                    "RatedCapacity_total": 1.1,
                    "RatedEnergyConsumption_total": 2.9729729729729732,
                    "RatedEfficiency": 0.37
                }
            ],
            "InsulationType": "保温仕様2",
            "PipeSize": 20.0,
            "SolarSystemArea": null,
            "SolarSystemDirection": null,
            "SolarSystemAngle": null,
            "Info": null,
            "RatedCapacity_total": 1.1,
            "RatedEfficiency_total": 0.37,
            "PipeSizeType": "20A以下",
            "heatloss_coefficient": 0.213,
            "湯使用量（節湯込）[L/年]": 13.840027499999994,
            "太陽熱利用量[MJ/年]": 0.0,
            "給湯加熱負荷[MJ/年]": 1741.8723924001283,
            "配管熱損失[MJ/年]": 71.27123357107845,
            "設計一次エネルギー消費量[MJ/年]": 4707.76322270305,
            "基準一次エネルギー消費量[MJ/年]": 2418.0,
            "設計値/基準値": 1.9469657662130067
        },
        "EB2-21": {
            "HeatSourceUnit": [
                {
                    "UsageType": "給湯負荷用",
                    "HeatSourceType": "電気瞬間湯沸器",
                    "Number": 1,
                    "RatedCapacity": 1.1,
                    "RatedPowerConsumption": 0,
                    "RatedFuelConsumption": 2.9729729729729732,
                    "RatedCapacity_total": 1.1,
                    "RatedEnergyConsumption_total": 2.9729729729729732,
                    "RatedEfficiency": 0.37
                }
            ],
            "InsulationType": "保温仕様2",
            "PipeSize": 20.0,
            "SolarSystemArea": null,
            "SolarSystemDirection": null,
            "SolarSystemAngle": null,
            "Info": null,
            "RatedCapacity_total": 1.1,
            "RatedEfficiency_total": 0.37,
            "PipeSizeType": "20A以下",
            "heatloss_coefficient": 0.213,
            "湯使用量（節湯込）[L/年]": 25.1043675,
            "太陽熱利用量[MJ/年]": 0.0,
            "給湯加熱負荷[MJ/年]": 3159.574984725792,
            "配管熱損失[MJ/年]": 129.27858992669564,
            "設計一次エネルギー消費量[MJ/年]": 8539.391850610247,
            "基準一次エネルギー消費量[MJ/年]": 4386.0,
            "設計値/基準値": 1.9469657662130067
        },
        "EB2-22": {
            "HeatSourceUnit": [
                {
                    "UsageType": "給湯負荷用",
                    "HeatSourceType": "電気瞬間湯沸器",
                    "Number": 1,
                    "RatedCapacity": 1.1,
                    "RatedPowerConsumption": 0,
                    "RatedFuelConsumption": 2.9729729729729732,
                    "RatedCapacity_total": 1.1,
                    "RatedEnergyConsumption_total": 2.9729729729729732,
                    "RatedEfficiency": 0.37
                }
            ],
            "InsulationType": "保温仕様2",
            "PipeSize": 20.0,
            "SolarSystemArea": null,
            "SolarSystemDirection": null,
            "SolarSystemAngle": null,
            "Info": null,
            "RatedCapacity_total": 1.1,
            "RatedEfficiency_total": 0.37,
            "PipeSizeType": "20A以下",
            "heatloss_coefficient": 0.213,
            "湯使用量（節湯込）[L/年]": 25.1043675,
            "太陽熱利用量[MJ/年]": 0.0,
            "給湯加熱負荷[MJ/年]": 3159.574984725792,
            "配管熱損失[MJ/年]": 129.27858992669564,
            "設計一次エネルギー消費量[MJ/年]": 8539.391850610247,
            "基準一次エネルギー消費量[MJ/年]": 4386.0,
            "設計値/基準値": 1.9469657662130067
        },
        "EB2-23": {
            "HeatSourceUnit": [
                {
                    "UsageType": "給湯負荷用",
                    "HeatSourceType": "電気瞬間湯沸器",
                    "Number": 1,
                    "RatedCapacity": 1.1,
                    "RatedPowerConsumption": 0,
                    "RatedFuelConsumption": 2.9729729729729732,
                    "RatedCapacity_total": 1.1,
                    "RatedEnergyConsumption_total": 2.9729729729729732,
                    "RatedEfficiency": 0.37
                }
            ],
            "InsulationType": "保温仕様2",
            "PipeSize": 20.0,
            "SolarSystemArea": null,
            "SolarSystemDirection": null,
            "SolarSystemAngle": null,
            "Info": null,
            "RatedCapacity_total": 1.1,
            "RatedEfficiency_total": 0.37,
            "PipeSizeType": "20A以下",
            "heatloss_coefficient": 0.213,
            "湯使用量（節湯込）[L/年]": 25.1043675,
            "太陽熱利用量[MJ/年]": 0.0,
            "給湯加熱負荷[MJ/年]": 3159.574984725792,
            "配管熱損失[MJ/年]": 129.27858992669564,
            "設計一次エネルギー消費量[MJ/年]": 8539.391850610247,
            "基準一次エネルギー消費量[MJ/年]": 4386.0,
            "設計値/基準値": 1.9469657662130067
        },
        "EB1-21": {
            "HeatSourceUnit": [
                {
                    "UsageType": "給湯負荷用",
                    "HeatSourceType": "電気瞬間湯沸器",
                    "Number": 1,
                    "RatedCapacity": 1.1,
                    "RatedPowerConsumption": 0,
                    "RatedFuelConsumption": 2.9729729729729732,
                    "RatedCapacity_total": 1.1,
                    "RatedEnergyConsumption_total": 2.9729729729729732,
                    "RatedEfficiency": 0.37
                }
            ],
            "InsulationType": "保温仕様2",
            "PipeSize": 20.0,
            "SolarSystemArea": null,
            "SolarSystemDirection": null,
            "SolarSystemAngle": null,
            "Info": null,
            "RatedCapacity_total": 1.1,
            "RatedEfficiency_total": 0.37,
            "PipeSizeType": "20A以下",
            "heatloss_coefficient": 0.213,
            "湯使用量（節湯込）[L/年]": 25.1043675,
            "太陽熱利用量[MJ/年]": 0.0,
            "給湯加熱負荷[MJ/年]": 3159.574984725792,
            "配管熱損失[MJ/年]": 129.27858992669564,
            "設計一次エネルギー消費量[MJ/年]": 8539.391850610247,
            "基準一次エネルギー消費量[MJ/年]": 4386.0,
            "設計値/基準値": 1.9469657662130067
        },
        "EB2-31": {
            "HeatSourceUnit": [
                {
                    "UsageType": "給湯負荷用",
                    "HeatSourceType": "電気瞬間湯沸器",
                    "Number": 1,
                    "RatedCapacity": 1.1,
                    "RatedPowerConsumption": 0,
                    "RatedFuelConsumption": 2.9729729729729732,
                    "RatedCapacity_total": 1.1,
                    "RatedEnergyConsumption_total": 2.9729729729729732,
                    "RatedEfficiency": 0.37
                }
            ],
            "InsulationType": "保温仕様2",
            "PipeSize": 20.0,
            "SolarSystemArea": null,
            "SolarSystemDirection": null,
            "SolarSystemAngle": null,
            "Info": null,
            "RatedCapacity_total": 1.1,
            "RatedEfficiency_total": 0.37,
            "PipeSizeType": "20A以下",
            "heatloss_coefficient": 0.213,
            "湯使用量（節湯込）[L/年]": 25.1043675,
            "太陽熱利用量[MJ/年]": 0.0,
            "給湯加熱負荷[MJ/年]": 3159.574984725792,
            "配管熱損失[MJ/年]": 129.27858992669564,
            "設計一次エネルギー消費量[MJ/年]": 8539.391850610247,
            "基準一次エネルギー消費量[MJ/年]": 4386.0,
            "設計値/基準値": 1.9469657662130067
        },
        "EB2-32": {
            "HeatSourceUnit": [
                {
                    "UsageType": "給湯負荷用",
                    "HeatSourceType": "電気瞬間湯沸器",
                    "Number": 1,
                    "RatedCapacity": 1.1,
                    "RatedPowerConsumption": 0,
                    "RatedFuelConsumption": 2.9729729729729732,
                    "RatedCapacity_total": 1.1,
                    "RatedEnergyConsumption_total": 2.9729729729729732,
                    "RatedEfficiency": 0.37
                }
            ],
            "InsulationType": "保温仕様2",
            "PipeSize": 20.0,
            "SolarSystemArea": null,
            "SolarSystemDirection": null,
            "SolarSystemAngle": null,
            "Info": null,
            "RatedCapacity_total": 1.1,
            "RatedEfficiency_total": 0.37,
            "PipeSizeType": "20A以下",
            "heatloss_coefficient": 0.213,
            "湯使用量（節湯込）[L/年]": 25.1043675,
            "太陽熱利用量[MJ/年]": 0.0,
            "給湯加熱負荷[MJ/年]": 3159.574984725792,
            "配管熱損失[MJ/年]": 129.27858992669564,
            "設計一次エネルギー消費量[MJ/年]": 8539.391850610247,
            "基準一次エネルギー消費量[MJ/年]": 4386.0,
            "設計値/基準値": 1.9469657662130067
        },
        "EB2-33": {
            "HeatSourceUnit": [
                {
                    "UsageType": "給湯負荷用",
                    "HeatSourceType": "電気瞬間湯沸器",
                    "Number": 1,
                    "RatedCapacity": 1.1,
                    "RatedPowerConsumption": 0,
                    "RatedFuelConsumption": 2.9729729729729732,
                    "RatedCapacity_total": 1.1,
                    "RatedEnergyConsumption_total": 2.9729729729729732,
                    "RatedEfficiency": 0.37
                }
            ],
            "InsulationType": "保温仕様2",
            "PipeSize": 20.0,
            "SolarSystemArea": null,
            "SolarSystemDirection": null,
            "SolarSystemAngle": null,
            "Info": null,
            "RatedCapacity_total": 1.1,
            "RatedEfficiency_total": 0.37,
            "PipeSizeType": "20A以下",
            "heatloss_coefficient": 0.213,
            "湯使用量（節湯込）[L/年]": 25.1043675,
            "太陽熱利用量[MJ/年]": 0.0,
            "給湯加熱負荷[MJ/年]": 3159.574984725792,
            "配管熱損失[MJ/年]": 129.27858992669564,
            "設計一次エネルギー消費量[MJ/年]": 8539.391850610247,
            "基準一次エネルギー消費量[MJ/年]": 4386.0,
            "設計値/基準値": 1.9469657662130067
        },
        "EB1-31": {
            "HeatSourceUnit": [
                {
                    "UsageType": "給湯負荷用",
                    "HeatSourceType": "電気瞬間湯沸器",
                    "Number": 1,
                    "RatedCapacity": 1.1,
                    "RatedPowerConsumption": 0,
                    "RatedFuelConsumption": 2.9729729729729732,
                    "RatedCapacity_total": 1.1,
                    "RatedEnergyConsumption_total": 2.9729729729729732,
                    "RatedEfficiency": 0.37
                }
            ],
            "InsulationType": "保温仕様2",
            "PipeSize": 20.0,
            "SolarSystemArea": null,
            "SolarSystemDirection": null,
            "SolarSystemAngle": null,
            "Info": null,
            "RatedCapacity_total": 1.1,
            "RatedEfficiency_total": 0.37,
            "PipeSizeType": "20A以下",
            "heatloss_coefficient": 0.213,
            "湯使用量（節湯込）[L/年]": 25.1043675,
            "太陽熱利用量[MJ/年]": 0.0,
            "給湯加熱負荷[MJ/年]": 3159.574984725792,
            "配管熱損失[MJ/年]": 129.27858992669564,
            "設計一次エネルギー消費量[MJ/年]": 8539.391850610247,
            "基準一次エネルギー消費量[MJ/年]": 4386.0,
            "設計値/基準値": 1.9469657662130067
        },
        "EB2-41": {
            "HeatSourceUnit": [
                {
                    "UsageType": "給湯負荷用",
                    "HeatSourceType": "電気瞬間湯沸器",
                    "Number": 1,
                    "RatedCapacity": 1.1,
                    "RatedPowerConsumption": 0,
                    "RatedFuelConsumption": 2.9729729729729732,
                    "RatedCapacity_total": 1.1,
                    "RatedEnergyConsumption_total": 2.9729729729729732,
                    "RatedEfficiency": 0.37
                }
            ],
            "InsulationType": "保温仕様2",
            "PipeSize": 20.0,
            "SolarSystemArea": null,
            "SolarSystemDirection": null,
            "SolarSystemAngle": null,
            "Info": null,
            "RatedCapacity_total": 1.1,
            "RatedEfficiency_total": 0.37,
            "PipeSizeType": "20A以下",
            "heatloss_coefficient": 0.213,
            "湯使用量（節湯込）[L/年]": 25.1043675,
            "太陽熱利用量[MJ/年]": 0.0,
            "給湯加熱負荷[MJ/年]": 3159.574984725792,
            "配管熱損失[MJ/年]": 129.27858992669564,
            "設計一次エネルギー消費量[MJ/年]": 8539.391850610247,
            "基準一次エネルギー消費量[MJ/年]": 4386.0,
            "設計値/基準値": 1.9469657662130067
        },
        "EB2-42": {
            "HeatSourceUnit": [
                {
                    "UsageType": "給湯負荷用",
                    "HeatSourceType": "電気瞬間湯沸器",
                    "Number": 1,
                    "RatedCapacity": 1.1,
                    "RatedPowerConsumption": 0,
                    "RatedFuelConsumption": 2.9729729729729732,
                    "RatedCapacity_total": 1.1,
                    "RatedEnergyConsumption_total": 2.9729729729729732,
                    "RatedEfficiency": 0.37
                }
            ],
            "InsulationType": "保温仕様2",
            "PipeSize": 20.0,
            "SolarSystemArea": null,
            "SolarSystemDirection": null,
            "SolarSystemAngle": null,
            "Info": null,
            "RatedCapacity_total": 1.1,
            "RatedEfficiency_total": 0.37,
            "PipeSizeType": "20A以下",
            "heatloss_coefficient": 0.213,
            "湯使用量（節湯込）[L/年]": 25.1043675,
            "太陽熱利用量[MJ/年]": 0.0,
            "給湯加熱負荷[MJ/年]": 3159.574984725792,
            "配管熱損失[MJ/年]": 129.27858992669564,
            "設計一次エネルギー消費量[MJ/年]": 8539.391850610247,
            "基準一次エネルギー消費量[MJ/年]": 4386.0,
            "設計値/基準値": 1.9469657662130067
        },
        "EB2-43": {
            "HeatSourceUnit": [
                {
                    "UsageType": "給湯負荷用",
                    "HeatSourceType": "電気瞬間湯沸器",
                    "Number": 1,
                    "RatedCapacity": 1.1,
                    "RatedPowerConsumption": 0,
                    "RatedFuelConsumption": 2.9729729729729732,
                    "RatedCapacity_total": 1.1,
                    "RatedEnergyConsumption_total": 2.9729729729729732,
                    "RatedEfficiency": 0.37
                }
            ],
            "InsulationType": "保温仕様2",
            "PipeSize": 20.0,
            "SolarSystemArea": null,
            "SolarSystemDirection": null,
            "SolarSystemAngle": null,
            "Info": null,
            "RatedCapacity_total": 1.1,
            "RatedEfficiency_total": 0.37,
            "PipeSizeType": "20A以下",
            "heatloss_coefficient": 0.213,
            "湯使用量（節湯込）[L/年]": 25.1043675,
            "太陽熱利用量[MJ/年]": 0.0,
            "給湯加熱負荷[MJ/年]": 3159.574984725792,
            "配管熱損失[MJ/年]": 129.27858992669564,
            "設計一次エネルギー消費量[MJ/年]": 8539.391850610247,
            "基準一次エネルギー消費量[MJ/年]": 4386.0,
            "設計値/基準値": 1.9469657662130067
        },
        "EB1-41": {
            "HeatSourceUnit": [
                {
                    "UsageType": "給湯負荷用",
                    "HeatSourceType": "電気瞬間湯沸器",
                    "Number": 1,
                    "RatedCapacity": 1.1,
                    "RatedPowerConsumption": 0,
                    "RatedFuelConsumption": 2.9729729729729732,
                    "RatedCapacity_total": 1.1,
                    "RatedEnergyConsumption_total": 2.9729729729729732,
                    "RatedEfficiency": 0.37
                }
            ],
            "InsulationType": "保温仕様2",
            "PipeSize": 20.0,
            "SolarSystemArea": null,
            "SolarSystemDirection": null,
            "SolarSystemAngle": null,
            "Info": null,
            "RatedCapacity_total": 1.1,
            "RatedEfficiency_total": 0.37,
            "PipeSizeType": "20A以下",
            "heatloss_coefficient": 0.213,
            "湯使用量（節湯込）[L/年]": 25.1043675,
            "太陽熱利用量[MJ/年]": 0.0,
            "給湯加熱負荷[MJ/年]": 3159.574984725792,
            "配管熱損失[MJ/年]": 129.27858992669564,
            "設計一次エネルギー消費量[MJ/年]": 8539.391850610247,
            "基準一次エネルギー消費量[MJ/年]": 4386.0,
            "設計値/基準値": 1.9469657662130067
        },
        "EB2-51": {
            "HeatSourceUnit": [
                {
                    "UsageType": "給湯負荷用",
                    "HeatSourceType": "電気瞬間湯沸器",
                    "Number": 1,
                    "RatedCapacity": 1.1,
                    "RatedPowerConsumption": 0,
                    "RatedFuelConsumption": 2.9729729729729732,
                    "RatedCapacity_total": 1.1,
                    "RatedEnergyConsumption_total": 2.9729729729729732,
                    "RatedEfficiency": 0.37
                }
            ],
            "InsulationType": "保温仕様2",
            "PipeSize": 20.0,
            "SolarSystemArea": null,
            "SolarSystemDirection": null,
            "SolarSystemAngle": null,
            "Info": null,
            "RatedCapacity_total": 1.1,
            "RatedEfficiency_total": 0.37,
            "PipeSizeType": "20A以下",
            "heatloss_coefficient": 0.213,
            "湯使用量（節湯込）[L/年]": 25.1043675,
            "太陽熱利用量[MJ/年]": 0.0,
            "給湯加熱負荷[MJ/年]": 3159.574984725792,
            "配管熱損失[MJ/年]": 129.27858992669564,
            "設計一次エネルギー消費量[MJ/年]": 8539.391850610247,
            "基準一次エネルギー消費量[MJ/年]": 4386.0,
            "設計値/基準値": 1.9469657662130067
        },
        "EB2-52": {
            "HeatSourceUnit": [
                {
                    "UsageType": "給湯負荷用",
                    "HeatSourceType": "電気瞬間湯沸器",
                    "Number": 1,
                    "RatedCapacity": 1.1,
                    "RatedPowerConsumption": 0,
                    "RatedFuelConsumption": 2.9729729729729732,
                    "RatedCapacity_total": 1.1,
                    "RatedEnergyConsumption_total": 2.9729729729729732,
                    "RatedEfficiency": 0.37
                }
            ],
            "InsulationType": "保温仕様2",
            "PipeSize": 20.0,
            "SolarSystemArea": null,
            "SolarSystemDirection": null,
            "SolarSystemAngle": null,
            "Info": null,
            "RatedCapacity_total": 1.1,
            "RatedEfficiency_total": 0.37,
            "PipeSizeType": "20A以下",
            "heatloss_coefficient": 0.213,
            "湯使用量（節湯込）[L/年]": 25.1043675,
            "太陽熱利用量[MJ/年]": 0.0,
            "給湯加熱負荷[MJ/年]": 3159.574984725792,
            "配管熱損失[MJ/年]": 129.27858992669564,
            "設計一次エネルギー消費量[MJ/年]": 8539.391850610247,
            "基準一次エネルギー消費量[MJ/年]": 4386.0,
            "設計値/基準値": 1.9469657662130067
        },
        "EB2-53": {
            "HeatSourceUnit": [
                {
                    "UsageType": "給湯負荷用",
                    "HeatSourceType": "電気瞬間湯沸器",
                    "Number": 1,
                    "RatedCapacity": 1.1,
                    "RatedPowerConsumption": 0,
                    "RatedFuelConsumption": 2.9729729729729732,
                    "RatedCapacity_total": 1.1,
                    "RatedEnergyConsumption_total": 2.9729729729729732,
                    "RatedEfficiency": 0.37
                }
            ],
            "InsulationType": "保温仕様2",
            "PipeSize": 20.0,
            "SolarSystemArea": null,
            "SolarSystemDirection": null,
            "SolarSystemAngle": null,
            "Info": null,
            "RatedCapacity_total": 1.1,
            "RatedEfficiency_total": 0.37,
            "PipeSizeType": "20A以下",
            "heatloss_coefficient": 0.213,
            "湯使用量（節湯込）[L/年]": 25.1043675,
            "太陽熱利用量[MJ/年]": 0.0,
            "給湯加熱負荷[MJ/年]": 3159.574984725792,
            "配管熱損失[MJ/年]": 129.27858992669564,
            "設計一次エネルギー消費量[MJ/年]": 8539.391850610247,
            "基準一次エネルギー消費量[MJ/年]": 4386.0,
            "設計値/基準値": 1.9469657662130067
        },
        "EB1-51": {
            "HeatSourceUnit": [
                {
                    "UsageType": "給湯負荷用",
                    "HeatSourceType": "電気瞬間湯沸器",
                    "Number": 1,
                    "RatedCapacity": 1.1,
                    "RatedPowerConsumption": 0,
                    "RatedFuelConsumption": 2.9729729729729732,
                    "RatedCapacity_total": 1.1,
                    "RatedEnergyConsumption_total": 2.9729729729729732,
                    "RatedEfficiency": 0.37
                }
            ],
            "InsulationType": "保温仕様2",
            "PipeSize": 20.0,
            "SolarSystemArea": null,
            "SolarSystemDirection": null,
            "SolarSystemAngle": null,
            "Info": null,
            "RatedCapacity_total": 1.1,
            "RatedEfficiency_total": 0.37,
            "PipeSizeType": "20A以下",
            "heatloss_coefficient": 0.213,
            "湯使用量（節湯込）[L/年]": 25.1043675,
            "太陽熱利用量[MJ/年]": 0.0,
            "給湯加熱負荷[MJ/年]": 3159.574984725792,
            "配管熱損失[MJ/年]": 129.27858992669564,
            "設計一次エネルギー消費量[MJ/年]": 8539.391850610247,
            "基準一次エネルギー消費量[MJ/年]": 4386.0,
            "設計値/基準値": 1.9469657662130067
        },
        "EB2-61": {
            "HeatSourceUnit": [
                {
                    "UsageType": "給湯負荷用",
                    "HeatSourceType": "電気瞬間湯沸器",
                    "Number": 1,
                    "RatedCapacity": 1.1,
                    "RatedPowerConsumption": 0,
                    "RatedFuelConsumption": 2.9729729729729732,
                    "RatedCapacity_total": 1.1,
                    "RatedEnergyConsumption_total": 2.9729729729729732,
                    "RatedEfficiency": 0.37
                }
            ],
            "InsulationType": "保温仕様2",
            "PipeSize": 20.0,
            "SolarSystemArea": null,
            "SolarSystemDirection": null,
            "SolarSystemAngle": null,
            "Info": null,
            "RatedCapacity_total": 1.1,
            "RatedEfficiency_total": 0.37,
            "PipeSizeType": "20A以下",
            "heatloss_coefficient": 0.213,
            "湯使用量（節湯込）[L/年]": 25.1043675,
            "太陽熱利用量[MJ/年]": 0.0,
            "給湯加熱負荷[MJ/年]": 3159.574984725792,
            "配管熱損失[MJ/年]": 129.27858992669564,
            "設計一次エネルギー消費量[MJ/年]": 8539.391850610247,
            "基準一次エネルギー消費量[MJ/年]": 4386.0,
            "設計値/基準値": 1.9469657662130067
        },
        "EB2-62": {
            "HeatSourceUnit": [
                {
                    "UsageType": "給湯負荷用",
                    "HeatSourceType": "電気瞬間湯沸器",
                    "Number": 1,
                    "RatedCapacity": 1.1,
                    "RatedPowerConsumption": 0,
                    "RatedFuelConsumption": 2.9729729729729732,
                    "RatedCapacity_total": 1.1,
                    "RatedEnergyConsumption_total": 2.9729729729729732,
                    "RatedEfficiency": 0.37
                }
            ],
            "InsulationType": "保温仕様2",
            "PipeSize": 20.0,
            "SolarSystemArea": null,
            "SolarSystemDirection": null,
            "SolarSystemAngle": null,
            "Info": null,
            "RatedCapacity_total": 1.1,
            "RatedEfficiency_total": 0.37,
            "PipeSizeType": "20A以下",
            "heatloss_coefficient": 0.213,
            "湯使用量（節湯込）[L/年]": 25.1043675,
            "太陽熱利用量[MJ/年]": 0.0,
            "給湯加熱負荷[MJ/年]": 3159.574984725792,
            "配管熱損失[MJ/年]": 129.27858992669564,
            "設計一次エネルギー消費量[MJ/年]": 8539.391850610247,
            "基準一次エネルギー消費量[MJ/年]": 4386.0,
            "設計値/基準値": 1.9469657662130067
        },
        "EB2-63": {
            "HeatSourceUnit": [
                {
                    "UsageType": "給湯負荷用",
                    "HeatSourceType": "電気瞬間湯沸器",
                    "Number": 1,
                    "RatedCapacity": 1.1,
                    "RatedPowerConsumption": 0,
                    "RatedFuelConsumption": 2.9729729729729732,
                    "RatedCapacity_total": 1.1,
                    "RatedEnergyConsumption_total": 2.9729729729729732,
                    "RatedEfficiency": 0.37
                }
            ],
            "InsulationType": "保温仕様2",
            "PipeSize": 20.0,
            "SolarSystemArea": null,
            "SolarSystemDirection": null,
            "SolarSystemAngle": null,
            "Info": null,
            "RatedCapacity_total": 1.1,
            "RatedEfficiency_total": 0.37,
            "PipeSizeType": "20A以下",
            "heatloss_coefficient": 0.213,
            "湯使用量（節湯込）[L/年]": 25.1043675,
            "太陽熱利用量[MJ/年]": 0.0,
            "給湯加熱負荷[MJ/年]": 3159.574984725792,
            "配管熱損失[MJ/年]": 129.27858992669564,
            "設計一次エネルギー消費量[MJ/年]": 8539.391850610247,
            "基準一次エネルギー消費量[MJ/年]": 4386.0,
            "設計値/基準値": 1.9469657662130067
        },
        "EB1-61": {
            "HeatSourceUnit": [
                {
                    "UsageType": "給湯負荷用",
                    "HeatSourceType": "電気瞬間湯沸器",
                    "Number": 1,
                    "RatedCapacity": 1.1,
                    "RatedPowerConsumption": 0,
                    "RatedFuelConsumption": 2.9729729729729732,
                    "RatedCapacity_total": 1.1,
                    "RatedEnergyConsumption_total": 2.9729729729729732,
                    "RatedEfficiency": 0.37
                }
            ],
            "InsulationType": "保温仕様2",
            "PipeSize": 20.0,
            "SolarSystemArea": null,
            "SolarSystemDirection": null,
            "SolarSystemAngle": null,
            "Info": null,
            "RatedCapacity_total": 1.1,
            "RatedEfficiency_total": 0.37,
            "PipeSizeType": "20A以下",
            "heatloss_coefficient": 0.213,
            "湯使用量（節湯込）[L/年]": 25.1043675,
            "太陽熱利用量[MJ/年]": 0.0,
            "給湯加熱負荷[MJ/年]": 3159.574984725792,
            "配管熱損失[MJ/年]": 129.27858992669564,
            "設計一次エネルギー消費量[MJ/年]": 8539.391850610247,
            "基準一次エネルギー消費量[MJ/年]": 4386.0,
            "設計値/基準値": 1.9469657662130067
        },
        "EB2-71": {
            "HeatSourceUnit": [
                {
                    "UsageType": "給湯負荷用",
                    "HeatSourceType": "電気瞬間湯沸器",
                    "Number": 1,
                    "RatedCapacity": 1.1,
                    "RatedPowerConsumption": 0,
                    "RatedFuelConsumption": 2.9729729729729732,
                    "RatedCapacity_total": 1.1,
                    "RatedEnergyConsumption_total": 2.9729729729729732,
                    "RatedEfficiency": 0.37
                }
            ],
            "InsulationType": "保温仕様2",
            "PipeSize": 20.0,
            "SolarSystemArea": null,
            "SolarSystemDirection": null,
            "SolarSystemAngle": null,
            "Info": null,
            "RatedCapacity_total": 1.1,
            "RatedEfficiency_total": 0.37,
            "PipeSizeType": "20A以下",
            "heatloss_coefficient": 0.213,
            "湯使用量（節湯込）[L/年]": 25.1043675,
            "太陽熱利用量[MJ/年]": 0.0,
            "給湯加熱負荷[MJ/年]": 3159.574984725792,
            "配管熱損失[MJ/年]": 129.27858992669564,
            "設計一次エネルギー消費量[MJ/年]": 8539.391850610247,
            "基準一次エネルギー消費量[MJ/年]": 4386.0,
            "設計値/基準値": 1.9469657662130067
        },
        "EB2-72": {
            "HeatSourceUnit": [
                {
                    "UsageType": "給湯負荷用",
                    "HeatSourceType": "電気瞬間湯沸器",
                    "Number": 1,
                    "RatedCapacity": 1.1,
                    "RatedPowerConsumption": 0,
                    "RatedFuelConsumption": 2.9729729729729732,
                    "RatedCapacity_total": 1.1,
                    "RatedEnergyConsumption_total": 2.9729729729729732,
                    "RatedEfficiency": 0.37
                }
            ],
            "InsulationType": "保温仕様2",
            "PipeSize": 20.0,
            "SolarSystemArea": null,
            "SolarSystemDirection": null,
            "SolarSystemAngle": null,
            "Info": null,
            "RatedCapacity_total": 1.1,
            "RatedEfficiency_total": 0.37,
            "PipeSizeType": "20A以下",
            "heatloss_coefficient": 0.213,
            "湯使用量（節湯込）[L/年]": 25.1043675,
            "太陽熱利用量[MJ/年]": 0.0,
            "給湯加熱負荷[MJ/年]": 3159.574984725792,
            "配管熱損失[MJ/年]": 129.27858992669564,
            "設計一次エネルギー消費量[MJ/年]": 8539.391850610247,
            "基準一次エネルギー消費量[MJ/年]": 4386.0,
            "設計値/基準値": 1.9469657662130067
        },
        "EB2-73": {
            "HeatSourceUnit": [
                {
                    "UsageType": "給湯負荷用",
                    "HeatSourceType": "電気瞬間湯沸器",
                    "Number": 1,
                    "RatedCapacity": 1.1,
                    "RatedPowerConsumption": 0,
                    "RatedFuelConsumption": 2.9729729729729732,
                    "RatedCapacity_total": 1.1,
                    "RatedEnergyConsumption_total": 2.9729729729729732,
                    "RatedEfficiency": 0.37
                }
            ],
            "InsulationType": "保温仕様2",
            "PipeSize": 20.0,
            "SolarSystemArea": null,
            "SolarSystemDirection": null,
            "SolarSystemAngle": null,
            "Info": null,
            "RatedCapacity_total": 1.1,
            "RatedEfficiency_total": 0.37,
            "PipeSizeType": "20A以下",
            "heatloss_coefficient": 0.213,
            "湯使用量（節湯込）[L/年]": 25.1043675,
            "太陽熱利用量[MJ/年]": 0.0,
            "給湯加熱負荷[MJ/年]": 3159.574984725792,
            "配管熱損失[MJ/年]": 129.27858992669564,
            "設計一次エネルギー消費量[MJ/年]": 8539.391850610247,
            "基準一次エネルギー消費量[MJ/年]": 4386.0,
            "設計値/基準値": 1.9469657662130067
        },
        "EB1-71": {
            "HeatSourceUnit": [
                {
                    "UsageType": "給湯負荷用",
                    "HeatSourceType": "電気瞬間湯沸器",
                    "Number": 1,
                    "RatedCapacity": 1.1,
                    "RatedPowerConsumption": 0,
                    "RatedFuelConsumption": 2.9729729729729732,
                    "RatedCapacity_total": 1.1,
                    "RatedEnergyConsumption_total": 2.9729729729729732,
                    "RatedEfficiency": 0.37
                }
            ],
            "InsulationType": "保温仕様2",
            "PipeSize": 20.0,
            "SolarSystemArea": null,
            "SolarSystemDirection": null,
            "SolarSystemAngle": null,
            "Info": null,
            "RatedCapacity_total": 1.1,
            "RatedEfficiency_total": 0.37,
            "PipeSizeType": "20A以下",
            "heatloss_coefficient": 0.213,
            "湯使用量（節湯込）[L/年]": 25.1043675,
            "太陽熱利用量[MJ/年]": 0.0,
            "給湯加熱負荷[MJ/年]": 3159.574984725792,
            "配管熱損失[MJ/年]": 129.27858992669564,
            "設計一次エネルギー消費量[MJ/年]": 8539.391850610247,
            "基準一次エネルギー消費量[MJ/年]": 4386.0,
            "設計値/基準値": 1.9469657662130067
        }
    },
    "for_CGS": {
        "Edesign_MWh_Ele_day": [
            0.0020434271107815025,
            0.0020414363542446603,
            0.002117653890226595,
            0.0019792963109161064,
            0.12934677400686354,
            0.1353494856119254,
            0.12920036640674012,
            0.12413710356913701,
            0.11875662426459971,
            0.0020411519604536838,
            0.0021126769988844916,
            0.002089356708024347,
            0.1368745647798782,
            0.13963190791553676,
            0.13724058378018691,
            0.1335071899770385,
            0.0021237683567326086,
            0.002115378739898777,
            0.13004221010744993,
            0.13198211080908584,
            0.1277972935722235,
            0.12383208773554652,
            0.12004989139902376,
            0.0020402987790807516,
            0.0020602063444491673,
            0.1322383241093019,
            0.13342178554363318,
            0.13438563557777933,
            0.13719178124681233,
            0.14071776428311902,
            0.0021731106794671824,
            0.0020711555054017962,
            0.1327263494430468,
            0.1325067380428615,
            0.12962738857376688,
            0.13436123431109204,
            0.13161609180877723,
            0.0020262212864273713,
            0.002065183235791271,
            0.1332753779435097,
            0.1253449662701555,
            0.0019033631687251488,
            0.12277063263465139,
            0.13192110764236778,
            0.001935784060896569,
            0.001862979250406363,
            0.1270042524048882,
            0.13600831981248102,
            0.13497126597827322,
            0.13520307801180198,
            0.14063235984971365,
            0.002172684088780716,
            0.0021954355920589053,
            0.1484895677230062,
            0.14608604295431266,
            0.14317009158518698,
            0.13675255844644202,
            0.13005441074079366,
            0.0019980663011206126,
            0.0022196090642919806,
            0.1378628160807116,
            0.1368745647798782,
            0.12533276563681195,
            0.13085965254147258,
            0.1378140135473371,
            0.002097888521753668,
            0.0020064559179544445,
            0.12474713523631806,
            0.1311402671083759,
            0.13632553627941527,
            0.1268090422713902,
            0.11185106579210977,
            0.0018092288239116405,
            0.001914312329677778,
            0.12787049737228529,
            0.12452752383613289,
            0.12192878893394149,
            0.11585287352881776,
            0.0017748171752033793,
            0.0018690937169123765,
            0.0017981374660635237,
            0.11521844059494954,
            0.12197759146731596,
            0.10270059078439338,
            0.11446200132764485,
            0.12255102123446623,
            0.0019784431295431747,
            0.0019218487651386784,
            0.11679232229627665,
            0.12511315423662675,
            0.10826799420000822,
            0.09793405775796044,
            0.10217987816154087,
            0.0017750560240822754,
            0.0017203102193191328,
            0.10214327626150996,
            0.1015088433276417,
            0.10492502066385573,
            0.09648218239006948,
            0.09777544952449338,
            0.0017591299717875431,
            0.001908294515155172,
            0.1191021566091443,
            0.11623500777339314,
            0.10858521066694235,
            0.11172077343625306,
            0.11330685577092393,
            0.001711209618007857,
            0.0017281310485710102,
            0.09919072299235354,
            0.0952987209557382,
            0.09579894692282667,
            0.09682380012369088,
            0.10104521926058402,
            0.0016311527658477278,
            0.0016676973679883198,
            0.09374924052109823,
            0.08513559338050115,
            0.0015715722666379695,
            0.10418078202989486,
            0.10577906499790926,
            0.0016948569750266582,
            0.0016743806220762877,
            0.0016905910681619981,
            0.00162987299378833,
            0.0016209145893725423,
            0.08945461758414328,
            0.08808814664965764,
            0.0015535132609109065,
            0.0016701147152116272,
            0.09362723418766196,
            0.08228064517809364,
            0.07593631583941035,
            0.09588435135623202,
            0.10015457302649958,
            0.0016934350060717712,
            0.001639968973368026,
            0.09659198809016209,
            0.09139451828577919,
            0.08391553004613896,
            0.08531860288065547,
            0.09528652032239457,
            0.0015269224414545231,
            0.0015646046187590239,
            0.08640445924823788,
            0.08447675917994561,
            0.0872585035822914,
            0.08251245721162251,
            0.08214643821131384,
            0.0015576369708800784,
            0.001494359352387614,
            0.07615984185051869,
            0.07609883868380049,
            0.0752813962497779,
            0.07346350188157824,
            0.07724569821810096,
            0.0015000016832950808,
            0.0014826536620454614,
            0.08371203389022053,
            0.0753179981498088,
            0.07482997281606384,
            0.07542780384990133,
            0.08052766858753523,
            0.0014273390697003632,
            0.0014081424888093912,
            0.07763611848509691,
            0.08648157765922265,
            0.0790147900529262,
            0.075696217783461,
            0.07202382714703087,
            0.0013413099479297097,
            0.0014306095982966032,
            0.07930760525317306,
            0.08239436548910944,
            0.0762818481839548,
            0.0764770583174528,
            0.0700229232786769,
            0.0013671897829086498,
            0.0014082846857048793,
            0.07441515128238074,
            0.06949829604490115,
            0.0765746633842018,
            0.07157240371331687,
            0.07302427908120783,
            0.001415678924270291,
            0.0013764325811154146,
            0.07199942588034362,
            0.07207262968040533,
            0.06691176177605333,
            0.07162120624669133,
            0.06402021167361494,
            0.001212337363721474,
            0.0012156078923177133,
            0.06565509654166024,
            0.0672655801430184,
            0.07058415241248348,
            0.06944949351152661,
            0.0653012781746952,
            0.001301921407879345,
            0.0013017792109838561,
            0.0011998240369184697,
            0.059164359602853475,
            0.056028796833542664,
            0.055113749332770995,
            0.05385708409837797,
            0.001146500201110213,
            0.001225135084315456,
            0.06714357380958211,
            0.06525247564132074,
            0.06315396670621777,
            0.05715125510115587,
            0.05705365003440688,
            0.0012581247640688301,
            0.0012039477468876415,
            0.06288555277265809,
            0.06293435530603261,
            0.06181189703841941,
            0.06154348310485971,
            0.06236092553888233,
            0.0012130483481989176,
            0.0012043743375741074,
            0.06597231300859442,
            0.0630441610061252,
            0.06425202370714378,
            0.06769260231004515,
            0.06328817367299766,
            0.00121063100097561,
            0.0012650924119477752,
            0.06343458127312107,
            0.06342238063977743,
            0.06386160344014782,
            0.06276354643922191,
            0.06369079457333715,
            0.0012170298612726007,
            0.0011848933628921575,
            0.06489865727435568,
            0.0682904333438826,
            0.06759499724329614,
            0.0680220194103229,
            0.06652134150905739,
            0.0012862797493755896,
            0.0013205492011883618,
            0.06976670997846085,
            0.06156788437154695,
            0.05793209563514767,
            0.05646801963391307,
            0.06414221800705118,
            0.001372024477355265,
            0.001359795544343239,
            0.07694068238451049,
            0.0772212969514138,
            0.07672107098432521,
            0.07032793911226741,
            0.07539120194987049,
            0.0014116974111966084,
            0.001448668604023666,
            0.07980783122026161,
            0.07945401285329658,
            0.07568401715011738,
            0.07906359258630061,
            0.08568853649188737,
            0.0014196604373439745,
            0.0013927852240966131,
            0.0013868129544860883,
            0.0014115552143011193,
            0.0014202292249259293,
            0.07955161792004557,
            0.07735550391819358,
            0.0014726998793612536,
            0.0015378260574950705,
            0.08390724402371849,
            0.0755254089166503,
            0.07800213748540552,
            0.08418394397969864,
            0.08252465784496615,
            0.0014320771121635713,
            0.0014792864814658136,
            0.0818292217443797,
            0.09099189738543971,
            0.0939078487545653,
            0.09018665558476063,
            0.08081656917685903,
            0.001506161694713175,
            0.0015276334259319664,
            0.0016548996473943383,
            0.0946276861218389,
            0.09185814235283674,
            0.09817807042483286,
            0.08714869788219878,
            0.0015803884741582678,
            0.00162987299378833,
            0.10887802586718918,
            0.09377364178778536,
            0.09326121518735325,
            0.09202895121964744,
            0.09922732489238437,
            0.0017635380755476923,
            0.0017979497242559535,
            0.10948805753437031,
            0.09888570715876296,
            0.10366835542946276,
            0.10603527829812531,
            0.11340446083767296,
            0.0018117428231183557,
            0.0017973809366739991,
            0.11489293810559484,
            0.0017922618484364065,
            0.10019117492653049,
            0.09673839569028553,
            0.09385904622119075,
            0.0016206301955815653,
            0.0016820592544326766,
            0.10387576619630426,
            0.10975647146792997,
            0.11245281143687044,
            0.10692592453220978,
            0.10659650743193197,
            0.0017669508010394208,
            0.0017551484587138596,
            0.10857301003359866,
            0.11339226020432927,
            0.11361187160451455,
            0.10635249476505954,
            0.10350974719599555,
            0.001903317623813068,
            0.0019560726720393696,
            0.0018498515911093232,
            0.11416090010497743,
            0.11198918736981278,
            0.12095665287737484,
            0.13024133485187103,
            0.001967021832991999,
            0.0019034598207085568,
            0.11540536470602694,
            0.11763416599698666,
            0.12097713953313893,
            0.12220940350084482,
            0.12327085860173981,
            0.0018907076450266564,
            0.0018892856760717694,
            0.12658943087120503,
            0.12741907393857124,
            0.12196539083397226,
            0.10528712505324123,
            0.10292020218457867,
            0.0017614506670274432,
            0.0018484751670665173,
            0.11834180273091666,
            0.12439331686935311,
            0.13127447407515583,
            0.12106254396654427,
            0.12579638970386958,
            0.0020562248313754842,
            0.0020508213493469142,
            0.1268334435380775,
            0.13443443811115385,
            0.002162445912305531,
            0.14268206625144217,
            0.14334090045199768,
            0.0021165163150626857,
            0.0020654676295822484,
            0.13619132931263542,
            0.0021995593020280764,
            0.002199701498923565,
            0.0021220619939867438
        ],
        "Edesign_MJ_CGS_day": [
            0.0,
            0.0,
            0.0,
            0.0,
            95.00662768698972,
            99.28610315765546,
            94.90225023648566,
            91.29253007322086,
            87.45665876719733,
            0.0,
            0.0,
            0.0,
            100.37336826707255,
            102.3391435848987,
            100.63431189333267,
            97.97268690547959,
            0.0,
            0.0,
            95.5024205768839,
            96.88542179606247,
            93.90196633582192,
            91.07507705133744,
            88.37865957998302,
            0.0,
            0.0,
            97.06808233444453,
            97.9118000593522,
            98.59895160850382,
            100.59951940983132,
            103.11327634280366,
            0.0,
            0.0,
            97.41600716945801,
            97.25944099370196,
            95.20668446712246,
            98.58155536675318,
            96.62447816980236,
            0.0,
            0.0,
            97.80742260884816,
            92.15364403987923,
            0.0,
            90.31834053518314,
            96.84193119168577,
            0.0,
            0.0,
            93.33658847892501,
            99.75580168492363,
            99.01646141051998,
            99.18172570715141,
            103.05238949667631,
            0.0,
            0.0,
            108.65397934039322,
            106.9404495279519,
            104.86159863874637,
            100.28638705831915,
            95.51111869775926,
            0.0,
            0.0,
            101.07791605797483,
            100.37336826707255,
            92.14494591900389,
            96.08519467553148,
            101.04312357447348,
            0.0,
            0.0,
            91.72743611698769,
            96.2852514556642,
            99.98195282768236,
            93.19741854491964,
            82.53352235175666,
            0.0,
            0.0,
            93.95415506107396,
            91.57086994123163,
            89.7181701947849,
            85.38650599886714,
            0.0,
            0.0,
            0.0,
            84.93420371334963,
            89.75296267828625,
            76.009931695254,
            84.39492021907873,
            90.16177435942707,
            0.0,
            0.0,
            86.05626130626808,
            91.9883797432478,
            79.86828591232656,
            72.50097753091624,
            75.52792359553348,
            0.0,
            0.0,
            75.50182923290748,
            75.04952694738995,
            77.48500079248427,
            71.46590114675116,
            72.38790195953686,
            0.0,
            0.0,
            87.5922172496257,
            85.54815884392154,
            80.09443705508532,
            82.3298541200469,
            83.4606098338407,
            0.0,
            0.0,
            73.39688398107593,
            70.62218342184349,
            70.9788063777323,
            71.70944853126059,
            74.71899835412715,
            0.0,
            0.0,
            69.51752207067571,
            63.37664873268789,
            0.0,
            76.95441541908873,
            78.09386925375787,
            0.0,
            0.0,
            0.0,
            0.0,
            0.0,
            66.45578352255714,
            65.4815939845194,
            0.0,
            0.0,
            69.43054086192234,
            61.34128844785906,
            56.8182655926839,
            71.03969322385964,
            74.08403553022757,
            0.0,
            0.0,
            71.5441842346292,
            67.83878474173568,
            62.50683664515421,
            63.50712054581795,
            70.61348530096815,
            0.0,
            0.0,
            64.28125330372292,
            62.90695020541969,
            64.89012176499651,
            61.50655274449045,
            61.24560911823035,
            0.0,
            0.0,
            56.86684286635891,
            56.82335226198222,
            56.24057816333466,
            54.944558152909465,
            57.64097562426389,
            0.0,
            0.0,
            62.25097968819243,
            56.26667252596067,
            55.9187476909472,
            56.34495561383868,
            59.980770139729515,
            0.0,
            0.0,
            57.91931549227466,
            64.22545312689388,
            58.902203151187734,
            56.53631427309611,
            53.91817988961972,
            0.0,
            0.0,
            59.11095805219581,
            61.311582633656045,
            56.95382407511227,
            57.092994009117675,
            52.49168806606448,
            0.0,
            0.0,
            55.623011581185764,
            52.11766886842498,
            57.162578976120365,
            53.596349417232254,
            54.63142580139734,
            0.0,
            0.0,
            53.900783647869055,
            53.95297237312107,
            50.27366724285358,
            53.631141900733624,
            48.21221259539875,
            0.0,
            0.0,
            49.37776079269386,
            50.52591274823834,
            52.89180162632998,
            52.08287638492363,
            49.12551528730912,
            0.0,
            0.0,
            0.0,
            44.75036048701468,
            42.51494342205309,
            41.86258435640283,
            40.96667790624314,
            0.0,
            0.0,
            50.43893153948499,
            49.09072280380777,
            47.59464601324982,
            43.3151705425841,
            43.24558557558139,
            0.0,
            0.0,
            47.40328735399241,
            47.43807983749376,
            46.63785271696276,
            46.44649405770535,
            47.02926815635291,
            0.0,
            0.0,
            49.60391193545263,
            47.51636292537179,
            48.37747689203013,
            50.83034697887514,
            47.69032534287854,
            0.0,
            0.0,
            47.79470279338258,
            47.78600467250724,
            48.09913702401934,
            47.31630614523904,
            47.97736333176466,
            0.0,
            0.0,
            48.83847729842299,
            51.25655490176664,
            50.760762011872444,
            51.06519624250923,
            49.99532737484279,
            0.0,
            0.0,
            52.309027527682396,
            46.46389029945604,
            43.87185027860565,
            42.82807577356523,
            48.29919380415211,
            0.0,
            0.0,
            57.42352260238048,
            57.62357938251321,
            57.266956426624404,
            52.709141087947884,
            56.31886125121268,
            0.0,
            0.0,
            59.46758100808463,
            59.21533550269985,
            56.52761615222079,
            58.93699563468907,
            63.66007526999701,
            0.0,
            0.0,
            0.0,
            0.0,
            0.0,
            59.284920469702556,
            57.71925871214191,
            0.0,
            0.0,
            62.390149622197825,
            56.414540580841404,
            58.18025911853477,
            62.69819530441161,
            61.515250865365815,
            0.0,
            0.0,
            61.019457975471596,
            67.5517467528496,
            69.63059764205508,
            66.97767077507734,
            60.297513942818625,
            0.0,
            0.0,
            0.0,
            70.14378677369996,
            68.16931333499849,
            72.67493994842299,
            64.81183867711849,
            0.0,
            0.0,
            80.30319195609343,
            69.53491831242638,
            69.16959723566224,
            68.29108702725321,
            73.42297834370194,
            0.0,
            0.0,
            80.73809799986026,
            73.1794309591925,
            76.58909434232457,
            78.27652979213993,
            83.53019480084339,
            0.0,
            0.0,
            84.59136554763448,
            0.0,
            74.11012989285356,
            71.64856168513323,
            69.59580515855376,
            0.0,
            0.0,
            76.73696239720528,
            80.92945665911765,
            82.8517413725671,
            78.91149261603951,
            78.6766433524054,
            0.0,
            0.0,
            80.08573893420999,
            83.52149667996807,
            83.67806285572412,
            78.50268093489869,
            76.47601877094519,
            0.0,
            0.0,
            0.0,
            84.06947829511427,
            82.5212127793043,
            88.9143316226769,
            95.53360160880824,
            0.0,
            0.0,
            84.95668662439863,
            86.65643164666633,
            89.03971676650862,
            89.91822697491763,
            90.67496349107195,
            0.0,
            0.0,
            93.04085236916357,
            93.63232458868647,
            89.7442645574109,
            77.85393332082543,
            76.16649787101007,
            0.0,
            0.0,
            87.16092265743588,
            91.47519061160294,
            96.38093078529292,
            89.10060361263598,
            92.47547451226669,
            0.0,
            0.0,
            93.21481478667032,
            98.63374409200517,
            0.0,
            104.51367380373287,
            104.98337233100109,
            0.0,
            0.0,
            99.88627349805367,
            0.0,
            0.0,
            0.0
        ],
        "Q_eqp_CGS_day": [
            0.0,
            0.0,
            0.0,
            0.0,
            81.70569981081115,
            85.38604871558371,
            81.61593520337769,
            78.51157586296995,
            75.2127265397897,
            0.0,
            0.0,
            0.0,
            86.3210967096824,
            88.01166348301287,
            86.54550822826609,
            84.25651073871244,
            0.0,
            0.0,
            82.13208169612017,
            83.32146274461374,
            80.75569104880687,
            78.32456626415022,
            76.00564723878541,
            0.0,
            0.0,
            83.47855080762231,
            84.2041480510429,
            84.7950983833133,
            86.51558669245495,
            88.67741765481115,
            0.0,
            0.0,
            83.77776616573391,
            83.64311925458368,
            81.87774864172532,
            84.78013761540772,
            83.09705122603003,
            0.0,
            0.0,
            84.11438344360943,
            79.25213387429615,
            0.0,
            77.6737728602575,
            83.28406082484979,
            0.0,
            0.0,
            80.26946609187553,
            85.78998944903432,
            85.1541568130472,
            85.29628410815023,
            88.62505496714164,
            0.0,
            0.0,
            93.44242223273818,
            91.96878659403862,
            90.18097482932188,
            86.24629287015448,
            82.13956208007296,
            0.0,
            0.0,
            86.92700780985837,
            86.3210967096824,
            79.24465349034335,
            82.63326742095708,
            86.89708627404721,
            0.0,
            0.0,
            78.88559506060942,
            82.80531625187123,
            85.98447943180686,
            80.14977994863091,
            70.97882922251073,
            0.0,
            0.0,
            80.80057335252361,
            78.75094814945922,
            77.15762636751504,
            73.43239515902575,
            0.0,
            0.0,
            0.0,
            73.04341519348068,
            77.18754790332619,
            65.36854125791845,
            72.57963138840772,
            77.53912594910729,
            0.0,
            0.0,
            74.00838472339056,
            79.11000657919311,
            68.68672588460086,
            62.350840676587985,
            64.9540142921588,
            0.0,
            0.0,
            64.93157314030043,
            64.54259317475537,
            66.63710068153648,
            61.460674986206016,
            62.25359568520172,
            0.0,
            0.0,
            75.3293068346781,
            73.57141660577254,
            68.88121586737338,
            70.80367454324035,
            71.77612445710301,
            0.0,
            0.0,
            63.12132022372532,
            60.73507774278541,
            61.04177348484977,
            61.67012573688412,
            64.25833858454935,
            0.0,
            0.0,
            59.78506898078111,
            54.503917910111596,
            0.0,
            66.18079726041631,
            67.16072755823177,
            0.0,
            0.0,
            0.0,
            0.0,
            0.0,
            57.15197382939914,
            56.31417082668669,
            0.0,
            0.0,
            59.71026514125323,
            52.75350806515878,
            48.86370840970817,
            61.0941361725193,
            63.712270555995694,
            0.0,
            0.0,
            61.527998441781115,
            58.3413548778927,
            53.75587951483262,
            54.616123669403436,
            60.72759735883261,
            0.0,
            0.0,
            55.28187784120171,
            54.09997717666094,
            55.805504717896994,
            52.89563536026179,
            52.671223841678106,
            0.0,
            0.0,
            48.90548486506867,
            48.86808294530472,
            48.366897220467806,
            47.25232001150215,
            49.571239036866956,
            0.0,
            0.0,
            53.53584253184549,
            48.389338372326186,
            48.0901230142146,
            48.45666182790127,
            51.58346232016737,
            0.0,
            0.0,
            49.81061132335622,
            55.23388968912875,
            50.65589471002146,
            48.621230274862654,
            46.36963470507297,
            0.0,
            0.0,
            50.83542392488841,
            52.7279610649442,
            48.98028870459656,
            49.09997484784121,
            45.14285173681545,
            0.0,
            0.0,
            47.835789959819756,
            44.82119522684549,
            49.15981791946352,
            46.092860498819746,
            46.98302618920174,
            0.0,
            0.0,
            46.35467393716739,
            46.399556240884124,
            43.23535382885409,
            46.122782034630916,
            41.46250283204292,
            0.0,
            0.0,
            42.464874281716725,
            43.45228496348498,
            45.48694939864378,
            44.79127369103432,
            42.24794314708584,
            0.0,
            0.0,
            0.0,
            38.485310018832635,
            36.562851342965665,
            36.00182254650643,
            35.231342999369105,
            0.0,
            0.0,
            43.37748112395709,
            42.218021611274686,
            40.93139557139486,
            37.25104666662233,
            37.191203595,
            0.0,
            0.0,
            40.766827124433476,
            40.79674866024464,
            40.10855333658798,
            39.943984889626606,
            40.44517061446351,
            0.0,
            0.0,
            42.65936426448927,
            40.86407211581974,
            41.60463012714592,
            43.71409840183263,
            41.01367979487554,
            0.0,
            0.0,
            41.103444402309016,
            41.09596401835623,
            41.365257840656646,
            40.692023284905574,
            41.2605324653176,
            0.0,
            0.0,
            42.00109047664378,
            44.08063721551931,
            43.654255330210304,
            43.91606876855795,
            42.995981542364795,
            0.0,
            0.0,
            44.985763673806865,
            39.9589456575322,
            37.72979123960086,
            36.832145165266105,
            41.53730667157082,
            0.0,
            0.0,
            49.38422943804723,
            49.556278268961364,
            49.249582526896994,
            45.32986133563518,
            48.43422067604291,
            0.0,
            0.0,
            51.14211966695278,
            50.92518853232188,
            48.61374989090989,
            50.68581624583261,
            54.747664732197435,
            0.0,
            0.0,
            0.0,
            0.0,
            0.0,
            50.9850316039442,
            49.63856249244205,
            0.0,
            0.0,
            53.655528675090125,
            48.516504899523596,
            50.035022841939906,
            53.920447961794,
            52.9031157442146,
            0.0,
            0.0,
            52.476733858905575,
            58.094502207450645,
            59.88231397216738,
            57.60079686656653,
            51.85586199082403,
            0.0,
            0.0,
            0.0,
            60.32365662538197,
            58.62560946809872,
            62.500448355643776,
            55.7381812623219,
            0.0,
            0.0,
            69.06074508224035,
            59.80002974868668,
            59.485853622669524,
            58.730334843437774,
            63.14376137558369,
            0.0,
            0.0,
            69.43476427987983,
            62.93431062490558,
            65.86662113439914,
            67.31781562124034,
            71.83596752872532,
            0.0,
            0.0,
            72.74857437096567,
            0.0,
            63.734711707854075,
            61.61776304921459,
            59.852392436356226,
            0.0,
            0.0,
            65.99378766159654,
            69.5993327268412,
            71.25249758040772,
            67.86388364979399,
            67.66191328306866,
            0.0,
            0.0,
            68.8737354834206,
            71.82848714477254,
            71.96313405592275,
            67.51230560401288,
            65.76937614301286,
            0.0,
            0.0,
            0.0,
            72.29975133379828,
            70.96824299020172,
            76.46632519550215,
            82.1588973835751,
            0.0,
            0.0,
            73.06275049698283,
            74.52453121613306,
            76.57415641919742,
            77.32967519842917,
            77.98046860232188,
            0.0,
            0.0,
            80.01513303748068,
            80.52379914627038,
            77.18006751937338,
            66.95438265590987,
            65.50318816906866,
            0.0,
            0.0,
            74.95839348539486,
            78.66866392597855,
            82.88760047535192,
            76.62651910686695,
            79.52890808054934,
            0.0,
            0.0,
            80.16474071653649,
            84.82501991912446,
            0.0,
            89.88175947121029,
            90.28570020466094,
            0.0,
            0.0,
            85.90219520832616,
            0.0,
            0.0,
            0.0
        ]
    }
}